Title,Music_Composer,Genre
Barrister Parvateesarrn,Ilaiyaraaja,Comedy
Bhoja Kalidasu,Ilaiyaraaja,Mythology
Bhookailas,Ilaiyaraaja,Devotional
Bondam Pelli,Ilaiyaraaja,Comedy
Chaduvukunna Bharya,Ilaiyaraaja,Comedy
Chandika,Ilaiyaraaja,Adventure
Illalu,Ilaiyaraaja,Family
Jeevana Jyothi,Ilaiyaraaja,Drama
Kalachakram,Ilaiyaraaja,Drama
Mahiravana,Ilaiyaraaja,Mythology
Malathi Madhavam,Ilaiyaraaja,Folklore
Meerabai,Ilaiyaraaja,Devotional
Sumangali,Ilaiyaraaja,Social
Viswa Mohini,Ilaiyaraaja,Drama
Apavadu,Ilaiyaraaja,Drama
Bhaktimala,Ilaiyaraaja,Drama
Chandrahasa,Ilaiyaraaja,Folklore
Choodamani,Ilaiyaraaja,Drama
Dakshayagnam,Ilaiyaraaja,Mythology
Devatha,Ilaiyaraaja,Drama
Dharma Patni,Ilaiyaraaja,Drama
Mahatma Gandhi,Ilaiyaraaja,Social
Parvati Kalyanam,Ilaiyaraaja,Devotional
Talli Prema,Ilaiyaraaja,Drama
Tara Sasankam,Ilaiyaraaja,Mythology
Tarumaru,Ilaiyaraaja,Drama
Tenali Ramakrishna,Ilaiyaraaja,Folklore
Babruvahana,Ilaiyaraaja,Drama
Bala Nagamma,Ilaiyaraaja,Folklore
Bhakta Potana,Ilaiyaraaja,Biography
Bhakta Prahlada,Ilaiyaraaja,Mythology
Deena Bandhu,Ilaiyaraaja,Drama
Gharana Donga,Ilaiyaraaja,Drama
Jeevana Mukthi,Ilaiyaraaja,Devotional
Patni,Ilaiyaraaja,"Epic
"
Satyabhama,Ilaiyaraaja,Mythology
Satyame Jayam,Ilaiyaraaja,Drama
Shanta Bala Nagamma,Ilaiyaraaja,Folklore
Sumati,Ilaiyaraaja,Drama
Bhagyalakshmi,Ilaiyaraaja,Drama
Bhakta Kabiru,Ilaiyaraaja,Devotional
Chenchu Lakshmi,Ilaiyaraaja,Mythology
Garuda Garvabhangam,Ilaiyaraaja,Mythology
Krishna Leela,Ilaiyaraaja,"Romance
"
Krishna Prema,Ilaiyaraaja,Devotional
Panthulamma,Ilaiyaraaja,Drama
Pathi Bhakti,Ilaiyaraaja,Drama
Bhishma,Ilaiyaraaja,Mythology
Circus King,Ilaiyaraaja,"Romance
"
Oka Roju Raju,Ilaiyaraaja,"Romance
"
Samsara Naradhi,Ilaiyaraaja,Drama
Seeta Rama Jananam,Ilaiyaraaja,Mythology
Tahsildar,Ilaiyaraaja,Drama
Maya Machhindra,Ilaiyaraaja,Mythology
Mayalokam,Ilaiyaraaja,Folklore
Paduka Pattabhishekam,Ilaiyaraaja,Mythology
Swarga Seema,Ilaiyaraaja,Drama
Valmiki,Ilaiyaraaja,Biography
Aadarsham,"Ashwathama
",Social
Aakali,"P. S. Diwakar
",Social
Athinti Kapuram,S. Dakshinamurthi,Drama
Chinna Kodalu,"Ashwathama
",Social
Chinnamma Katha,"Veluri Krishna Murthy
",Social
Daasi,C. R. Subbaraman,Drama
Dharma Devatha,C. R. Subbaraman,Drama
Kanchana,S. M. Subbaiah Naidu,Social
Manavathi,B. Rajinikanta Rao,Devotional
Maradalu Pelli,V. Nagaiah,Drama
Mugguru Kodukulu,"P. S. Anantharaman, ",Social
Palletooru,Ghantasala,Social
Peda Raithu,"H. R. Padmanabha Sastry
",Drama
Pelli Chesi Choodu,Ghantasala,Social
Praja Seva,"M. B. Walke
",Drama
Prema,C. R. Subbaraman,Drama
Priyuralu,S. Rajeswara Rao,Drama
Rajeswari,Ogirala Ramachandra Rao,Folklore
Sahasam,"M. B. Walke
",Folklore
Sankranti,"Ashwathama
",Drama
Santhi,C. R. Subbaraman,Drama
Savati Poru,S. Dakshinamurthi,"Epic
"
Singari,S. V. Venkatraman,Drama
Suvarna Mala,Ilaiyaraaja,Drama
Tingu Ranga,T. V. Raju,Drama
Aada Bidda,B. Gopalam,Drama
Anarkali,P. Adinarayana Rao,Historical
Antha Inthe,G. Ramanathan,"Romance
"
Ante Kaavali,Pendyala Nageswara Rao,Drama
Ardhangi,B. Narasimha Rao,Drama
Athanu Evaru,Brother Lakshmanan,"Romance
"
Bangaru Papa,Addepalli Rama Rao,Drama
Beedhala Aasthi,Master Venu,Drama
Cherapakura Chedevu,Ghantasala,Drama
Donga Ramudu,Pendyala Nageswara Rao,Drama
Jayasimha,T. V. Raju,Historical
Kanyadhanam,Rajan-Nagendra,Historical
Kanyashulkam,Ghantasala,Drama
Missamma,S. Rajeswara Rao,Drama
Pasupu Kumkuma,M. Ranga Rao,Drama
Pathiye Prathyaksha Dhaivamu,Hemant Kumar,"Romance
"
Rojulu Marayi,Master Venu,Drama
Santhanam,Susarla Dakshinamurthi,Drama
Santosham,"M. S. Viswanathan
",Drama
Sri Jagannatha Mahatyamu,"Mallik & B. Gopalam
","Romance
"
Sri Krishna Thulabaram,"H. R. Padmanabha Sastry
",Historical
Vadina,R. Sudarsanam,Drama
Vadina Gari Gajulu,Ghantasala,Drama
Vijaya Gauri,G. Ramanathan,Drama
Alibaba 40 Dongalu,S. Dakshinamurthi,Folklore
Amara Deepam,T. Chalapathi Rao,"Romance
"
Amarajeevi,Ilaiyaraaja,"Romance
"
Ashtaaishwaryalu,Ghantasala,Drama
Balasanyasamma Katha,S. Rajeswara Rao,Drama
Bhakta Markandeya,"M. S. Viswanathan
",Historical
Bhale Ramudu,S. Rajeswara Rao,Drama
C.I.D.,Ilaiyaraaja,"Romance
"
Charana Daasi,S. Rajeswara Rao,Drama
Chintamani,Addepalli Rama Rao,Drama
Chiranjeevulu,Ghantasala,Drama
Edi Nijam,Master Venu,Drama
Harishchandra,S. Dakshinamurthi,Historical
Ilavelpu,S. Dakshinamurthi,"Romance
"
Jayam Manade,Ghantasala,Folklore
Kanakatara,Ghantasala,Drama
Melukolupu,Pendyala Nageswara Rao,Drama
Muddu Bidda,Pendyala Nageswara Rao,Drama
Naga Devatha,R. Sudarsanam,Fantasy
Naga Panchami,Ilaiyaraaja,Fantasy
Nagula Chavithi,R. Sudarsanam,Fantasy
Penki Pellam,Pendyala Nageswara Rao,Drama
Rakta Kanneru,"Devulapalli
","Romance
"
Sadarama,R. Sudarsanam,Folklore
Sahasa Veerudu,Ilaiyaraaja,"Romance
"
Sonta Ooru,Ghantasala,Drama
Sri Gauri Mahatyam,Ogirala Ramachandra Rao,Folklore
Tenali Ramakrishna,"M. S. Viswanathan
",Historical
Uma Sundari,"Ashwathama
",Drama
Vidhi Vilasamu,Ilaiyaraaja,"Romance
"
Akka Chellelu,Pendyala Nageswara Rao,Drama
Allauddin Adhbhuta Deepam,S. Rajeswara Rao,Folklore
Bhagya Rekha,Pendyala Nageswara Rao,Drama
Bhale Ammayilu,S. Rajeswara Rao,Drama
Bhale Baava,S. Dakshinamurthi,Comedy
Dhampathyam,Ramesh Naidu,Comedy
Dongallo Dora,M. Subrahmanya Raju,Drama
Evari Abbayi,S. Dakshinamurthi,"Romance
"
Gandharva Kanya,"P. Shyamanna
","Romance
"
Kutumba Gowravam,"M. S. Viswanathan
",Drama
M.L.A.,Pendyala Nageswara Rao,Social
Mayabazar,Ghantasala,Mythology
Nala Damayanthi,B. Gopalam,Mythology
Panduranga Mahatyam,T. V. Raju,Devotional
Parasakthi,"M. S. Viswanathan
","Romance
"
Peddarikalu,Master Venu,Drama
Preme Daivam,"H. R. Padmanabha Sastry
",Drama
Rajaputhri Rahasyamu,G. Ramanathan,"Romance
"
Rani Rangamma,"M. S. Viswanathan
","Romance
"
Ratnagiri Rahasyam,"M. S. Viswanathan
","Romance
"
Repu Needhe,Ghantasala,Drama
Sankalpam,S. Dakshinamurthi,Drama
Sarangadhara,Ghantasala,Folklore
Sati Anasuya,Ghantasala,Folklore
Sati Savitri,S. Rajeswara Rao,Folklore
Suvarna Sundari,P. Adinarayana Rao,Folklore
Swayamprabha,Ramesh Naidu,Folklore
Thalavanchani Veerudu,"Pamarthi Venkateswara Rao
","Romance
"
Thodi Kodallu,Master Venu,Drama
Town Bus,K. V. Mahadevan,"Romance
"
Vadhante Dabbu,"T. A. Kalyanam
",Drama
Varudu Kavali,G. Ramanathan,Comedy
Veera Kankanam,S. Dakshinamurthi,Mythology
Vegu Chukka,"M. S. Viswanathan
","Romance
"
Vinayaka Chaviti,Ghantasala,Devotional
Aada Pettanam,S. Rajeswara Rao,"Romance
"
Anna Thammudu,"Ashwathama
",Drama
Atha Okinti Kodale,Pendyala Nageswara Rao,Drama
Badi Panthulu,T. G. Lingappa,Drama
Bhookailas,R. Sudarsanam,Mythology
Bhuloka Ramba,C. N. Pandurangan,Folklore
Bommala Pelli,K. V. Mahadevan,"Romance
"
Chenchu Lakshmi,S. Rajeswara Rao,Mythology
Dongalunnaru Jagratha,K. V. Mahadevan,Drama
Etthuku Pai Etthu,Master Venu,Social
Ganga Gouri Samvadam,Pendyala Nageswara Rao,Mythology
Inti Guttu,"M. S. Prakash
",Family
Karthavarayuni Katha,G. Ramanathan,Mythology
Kondaveeti Donga,K. V. Mahadevan,"Romance
"
Manchi Manasuku Manchi Rojulu,Ghantasala,Drama
Mundhadugu,K. V. Mahadevan,Drama
Parvathi Kalyanam,Ghantasala,Devotional
Pathi Bakthi,"M. S. Viswanathan
",Drama
Raja Nandini,T. V. Raju,Drama
Sabhash Pillaa,T. G. Lingappa,"Romance
"
Sobha,A. M. Rajah,Drama
Sri Krishna Garadi,Pendyala Nageswara Rao,Mythology
Sri Krishna Maya,T. V. Raju,Devotional
Sree Ramanjaneya Yuddham,Pendyala Nageswara Rao,Devotional
Uttama Illaalu,G. Ramanathan,Folklore
Veera Kadgamu,G. Ramanathan,Folklore
Veera Pratap,G. Ramanathan,Historical
Vijaya Kota Veerudu,C. Ramchandra,Folklore
Aalu Magalu,K. V. Mahadevan,Drama
Anaganaga Oka Raju,S. M. Subbaiah Naidu,Action
Appu Chesi Pappu Koodu,S. Rajeswara Rao,"Romance
"
Bala Nagamma,T. V. Raju,Folklore
Banda Ramudu,V. Dakshinamoorthy,Folklore
Bhagya Devatha,Master Venu,Drama
Bhaktha Ambareesha,"L. Malleswara Rao
",Devotional
Daiva Balam,"Ashwathama
",Mythology
Illarikam,T. Chalapathi Rao,Drama
Jayabheri,Pendyala Nageswara Rao,Mythology
Jaya Vijaya,Ilaiyaraaja,Family
Karmika Vijayam,Ilaiyaraaja,Family
Koothuru Kaapuram,Ghantasala,Drama
Krishna Leelalu,S. Dakshinamurthi,Devotional
Maa Inti Mahalakshmi,"Ashwathama
",Drama
Mangalya Balam,Master Venu,Drama
Manorama,Ramesh Naidu,Drama
Pelli Meeda Pelli,Rajan-Nagendra,Drama
Pellinaati Pramanalu,Ghantasala,"Romance
"
Pelli Sandadi,Ghantasala,Drama
Raja Malaya Simha,"M. S. Viswanathan
",Historical
Rechukka Pagatichukka,T. V. Raju,Historical
Sabhash Ramudu,Ghantasala,Drama
Sati Sukanya,Ghantasala,Devotional
Sati Tulasi,"Pamarthi Venkateswara Rao
",Devotional
Sipayi Koothuru,Ilaiyaraaja,Folklore
Vachina Kodalu Nachindi,V. Dakshinamoorthy,"Romance
"
Veera Bhaskarudu,S. Hanumantha Rao,Folklore
Veera Pandya Katta Brahmana,G. Ramanathan,Historical
Abhimanam,Ghantasala,Drama
Anna Chellelu,Rajan-Nagendra,Drama
Annapurna,S. Dakshinamurthi,Drama
Bhakta Raghunath,Ghantasala,Mythology
Bhakta Sabari,Pendyala Nageswara Rao,Mythology
Bhatti Vikramarka,Pendyala Nageswara Rao,Historical
Chivaraku Migiledi,"Ashwathama
",Drama
Deepavali,Ghantasala,Mythology
Devanthakudu,"Ashwathama
",Folklore
Dharmame Jayam,S. Hanumantha Rao,Drama
Kanna Koothuru,M. Ranga Rao,Drama
Jagannatakam,"Ashwathama
",Drama
Jalsa Rayudu,Master Venu,Drama
Kadeddulu Ekaram Nela,T. V. Raju,Drama
Kanakadurga Pooja Mahima,Rajan-Nagendra,Devotional
Kula Daivam,Pendyala Nageswara Rao,Family
Kumkuma Rekha,Master Venu,Family
Maa Babu,T. Chalapathi Rao,Family
Magavari Mayalu,"Nityanand
",Comedy
Mahakavi Kalidasu,Pendyala Nageswara Rao,Biography
Mamaku Tagga Alludu,"M. S. Prakash
",Comedy
Mangalyam,Ghantasala,Family
Nammina Bantu,S. Rajeswara Rao,Drama
Nithya Kalyanam Paccha Thoranam,Pendyala Nageswara Rao,Drama
Pelli Kanuka,A. M. Rajah,"Romance
"
Pillalu Techina Challani Rajyam,T. G. Lingappa,Drama
Raja Makutam,Master Venu,Folklore
Ramasundari,S. Dakshinamurthi,Folklore
Rani Ratnaprabha,S. Rajeswara Rao,Historical
Renukadevi Mahatyam,"L. Malleswara Rao
",Devotional
Runanubandham,P. Adinarayana Rao,Drama
Sahasra Siracheda Apoorva Chinthamani,K. V. Mahadevan,Drama
Samajam,"Ashwathama
",Comedy
Shanthi Nivasam,Ghantasala,Drama
Sri Krishna Rayabaram,"Ashwathama
",Mythology
Sri Venkateswara Mahatyam,Pendyala Nageswara Rao,Mythology
Vimala,S. M. Subbaiah Naidu,"Romance
"
Aasha Jeevulu,"M. S. Viswanathan
",Drama
Aatma Bandhuvu,K. V. Mahadevan,Drama
Appaginthalu,Ghantasala,Drama
Aradhana,S. Rajeswara Rao,Drama
Bhishma,S. Rajeswara Rao,Historical
Chitti Tammudu,Pendyala Nageswara Rao,Social
Dakshayagnam,S. Hanumantha Rao,Mythology
Gaali Medalu,T. G. Lingappa,Drama
Gulebakavali Katha,Ilaiyaraaja,"Romance
"
Gundamma Katha,Ghantasala,Drama
Kalimilemulu,"Ashwathama
",Drama
Khaidi Kannayya,Rajan-Nagendra,Drama
Kula Gotralu,Pendyala Nageswara Rao,Drama
Madana Kamaraju Katha,Rajan-Nagendra,Folklore
Mahamantri Timmarusu,Pendyala Nageswara Rao,Historical
Manchi Manasulu,K. V. Mahadevan,Drama
Mohini Rukmangada,K. V. Mahadevan,Folklore
Nagarjuna,Ilaiyaraaja,Devotional
Nuvva? Nena?,K. V. Mahadevan,Drama
Padandi Munduku,S. P. Kodandapani,Drama
Nichaya Thamboolam,"M. S. Viswanathan
",Family
Rakta Sambandham,Ghantasala,Drama
Siri Sampadalu,Master Venu,Drama
Swarna Gowri,M. Venkataraju,Folklore
Swarna Manjari,P. Adinarayana Rao,Folklore
Tiger Ramudu,Ghantasala,Drama
Samrat Pruthviraj (Rani Samyukta),"Pamarthi Venkateswara Rao
",Historical
Aapta Mitrulu,Ghantasala,Drama
Anubandhalu,M. B. Sreenivasan,Family
Anuragam,Pendyala Nageswara Rao,Family
Bandipotu,Ghantasala,Folklore
Bangaru Thimmaraju,S. P. Kodandapani,Drama
Chaduvukunna Ammayilu,S. Rajeswara Rao,"Romance
"
Constable Koothuru,Pendyala Nageswara Rao,Drama
Deva Sundari,S. Dakshinamurthi,Folklore
Edureeta,K. V. Mahadevan,Drama
Eedu Jodu,Pendyala Nageswara Rao,Drama
Guruvunu Minchina Sishyudu,S. P. Kodandapani,Folklore
Irugu Porugu,Master Venu,Drama
Lakshadhikari,T. Chalapathi Rao,Drama
Lava Kusa,Ghantasala,Mythology
Manchi Chedu,"M. S. Viswanathan
",Drama
Naga Devata (Dub),S. P. Kodandapani,Fantasy
Nartanasala,S. Dakshinamurthi,Mythology
Paruvu-Prathishta,Pendyala Nageswara Rao,Drama
Pempudu Koothuru,T. G. Lingappa,Drama
Punarjanma,T. Chalapathi Rao,Drama
Savati Koduku,Chellapilla Satyam,Social
Somavara Vratha Mahathyam,Master Venu,Devotional
Sri Krishnarjuna Yuddhamu,Pendyala Nageswara Rao,Mythology
Thalli Biddalu,"B. Shankara Rao
",Drama
Thirupathamma Katha,"P. Venkateswara Rao
",Devotional
Thobuttuvulu,"C. Mohan Das
",Drama
Valmiki,Ghantasala,Mythology
Vishnu Maya,"Malleswara Rao
",Devotional
Aada Brathuku,Ilaiyaraaja,"Romance
"
Aatma Gowravam,Ilaiyaraaja,Drama
Antastulu,Ilaiyaraaja,Drama
C.I.D.,Ilaiyaraaja,Drama
Chaduvukonna Bharya,Ilaiyaraaja,Drama
Chandrahasa,Ilaiyaraaja,"Romance
"
Devata,Ilaiyaraaja,Drama
Dorikithe Dongalu,Ilaiyaraaja,"Romance
"
Gudi Gantalu,Ilaiyaraaja,Drama
Jwala Dweepa Rahasyam,Ilaiyaraaja,"Romance
"
Keelu Bommalu,Ilaiyaraaja,"Romance
"
Mangamma Sapatham,Ilaiyaraaja,"Romance
"
Manushulu Mamathalu,Ilaiyaraaja,Drama
Naadi Aada Janme,Ilaiyaraaja,Drama
Pakkalo Ballem,Ilaiyaraaja,"Romance
"
Pandava Vanavasam,Ilaiyaraaja,Mythology
Prachanda Bhairavi,Ilaiyaraaja,"Romance
"
Prameelarjuneeyam,Ilaiyaraaja,"Romance
"
Pratignapalana,Ilaiyaraaja,"Romance
"
Preminchi Choodu,Ilaiyaraaja,Comedy
Sati Sakkubai,Ilaiyaraaja,"Romance
"
Satya Harishchandra,Ilaiyaraaja,"Romance
"
Sri Simhachala Kshetra Mahima,Ilaiyaraaja,"Romance
"
Sumangali,Ilaiyaraaja,Drama
Thene Manasulu,Ilaiyaraaja,Drama
Thodu Needa,Ilaiyaraaja,Drama
Uyyala Jampala,Ilaiyaraaja,Drama
Veelunama,Ilaiyaraaja,Social
Veerabhimanyu,Ilaiyaraaja,"Romance
"
Visala Hrudayalu,Ilaiyaraaja,"Romance
"
Zamindar,Ilaiyaraaja,Social
Aame Evaru?,Ilaiyaraaja,"Romance
"
Aastiparulu,Ilaiyaraaja,Drama
Adugu Jaadalu,Ilaiyaraaja,"Romance
"
Aggi Barata,Ilaiyaraaja,"Romance
"
Bhakta Potana,Ilaiyaraaja,"Romance
"
Bhimanjaneya Yuddham,Ilaiyaraaja,"Romance
"
Chilaka Gorinka,Ilaiyaraaja,Drama
Dr. Anand,Ilaiyaraaja,"Romance
"
Hantakulostunnaru Jagratha,Ilaiyaraaja,Drama
Kanne Manasulu,Ilaiyaraaja,Drama
Leta Manasulu,Ilaiyaraaja,Drama
Loguttu Perumallukeruka,Ilaiyaraaja,"Romance
"
Manase Mandiram,Ilaiyaraaja,Drama
Mangalasutram,Ilaiyaraaja,"Romance
"
Monagallaku Monagadu,Ilaiyaraaja,Action
Navaratri,Ilaiyaraaja,Drama
Palnati Yuddham,Ilaiyaraaja,Drama
Paramanandayya Sishyula Katha,Ilaiyaraaja,Drama
Pidugu Ramudu,Ilaiyaraaja,"Romance
"
Potti Pleader,Ilaiyaraaja,"Romance
"
Rangula Ratnam,Ilaiyaraaja,Drama
Sangeeta Lakshmi,Ilaiyaraaja,"Romance
"
Shakuntala,Ilaiyaraaja,"Romance
"
Sri Krishna Pandaveeyam,Ilaiyaraaja,"Romance
"
Shrimati,Ilaiyaraaja,"Romance
"
Sri Krishna Tulabharam,Ilaiyaraaja,"Romance
"
Srikakula Andhra Maha Vishnu Katha,Ilaiyaraaja,"Romance
"
Aada Paduchu,Ilaiyaraaja,Drama
Ave Kallu,Ilaiyaraaja,"Romance
"
Bhakta Prahlada,Ilaiyaraaja,Musical
Bhama Vijayam,Ilaiyaraaja,"Romance
"
Bhuvana Sundari Katha,Ilaiyaraaja,"Romance
"
Chadarangam,Ilaiyaraaja,Drama
Chikkadu Dorakadu,Ilaiyaraaja,Folklore
Dwapayana Kaivalyam,Ilaiyaraaja,"Romance
"
Devuni Gelichina Manavudu,Ilaiyaraaja,Drama
Gruhalakshmi,Ilaiyaraaja,"Romance
"
Gudachari 116,Ilaiyaraaja,Action
Iddaru Monagallu,Ilaiyaraaja,"Romance
"
Kambojaraju Katha,Ilaiyaraaja,"Romance
"
Kanchu Kota,Ilaiyaraaja,Drama
Konte Pilla,Ilaiyaraaja,"Romance
"
Maa Vadina,Ilaiyaraaja,Drama
Nindu Manasulu,Ilaiyaraaja,"Romance
"
Nirdoshi,Ilaiyaraaja,"Romance
"
Pedda Akkayya,Ilaiyaraaja,Drama
Poola Rangadu,Ilaiyaraaja,Drama
Prana Mithrulu,Ilaiyaraaja,Drama
Private Master,Ilaiyaraaja,Musical
Punyavathi,Ilaiyaraaja,Family
Rahasyam,Ilaiyaraaja,Drama
Sakshi,Ilaiyaraaja,Drama
Sati Sumathi,Ilaiyaraaja,Drama
Sri Krishnavataram,Ilaiyaraaja,"Romance
"
Sri Sri Sri Maryada Ramanna,Ilaiyaraaja,"Romance
"
Stree Janma,Ilaiyaraaja,Drama
Sudigundalu,Ilaiyaraaja,Drama
Ummadi Kutumbam,Ilaiyaraaja,Drama
Vasantha Sena,Ilaiyaraaja,"Romance
"
Veera Pooja,Ilaiyaraaja,"Romance
"
Aggi Meeda Guggilam,Ilaiyaraaja,Folklore
Amayakudu,Ilaiyaraaja,Drama
Attagaru Kotha Kodalu,Ilaiyaraaja,Family
Baghdad Gaja Donga,Ilaiyaraaja,"Romance
"
Bandhavyalu,Ilaiyaraaja,"Romance
"
Bandipotu Dongalu,Ilaiyaraaja,Drama
Bangaru Gaajulu,Ilaiyaraaja,Family
Bangaru Pichika,Ilaiyaraaja,"Romance
"
Bangaru Sankellu,Ilaiyaraaja,Drama
Bhagya Chakramu,Ilaiyaraaja,Folklore
Bhale Master,Ilaiyaraaja,Drama
Bhale Monagadu,Ilaiyaraaja,Folklore
Bharya,Ilaiyaraaja,Drama
Brahmachari,Ilaiyaraaja,Family
Chinnari Papalu,Ilaiyaraaja,"Romance
"
Circar Express,Ilaiyaraaja,Social
Devadichina Bharta,Ilaiyaraaja,Folklore
Devakanya,Ilaiyaraaja,Folklore
Evaru Monagadu,Ilaiyaraaja,Social
Govula Gopanna,Ilaiyaraaja,Drama
Kalisochina Adrushtam,Ilaiyaraaja,Drama
Kumkuma Barani,Ilaiyaraaja,Drama
Lakshmi Nivasam,Ilaiyaraaja,"Romance
"
Manasamsaram,Ilaiyaraaja,Folklore
Manchi Kutumbam,Ilaiyaraaja,Family
Nadamanthrapu Siri,Ilaiyaraaja,"Romance
"
Neerkimi Neervedhaptha Charithra,Ilaiyaraaja,"Romance
"
Nene Monaganni,Ilaiyaraaja,Crime Story
Nenante Nene,Ilaiyaraaja,Social
Niluvu Dopidi,Ilaiyaraaja,Drama
Nindu Samsaram,Ilaiyaraaja,Family
Ninne Pelladata,Ilaiyaraaja,Comedy
Paala Manasulu,Ilaiyaraaja,"Romance
"
Panthaalu Pattimpulu,Ilaiyaraaja,"Romance
"
Papa Kosam,Ilaiyaraaja,"Romance
"
Pedaraasi Peddamma Katha,Ilaiyaraaja,Folklore
Pelliroju,Ilaiyaraaja,"Romance
"
Raja Yogam,Ilaiyaraaja,Folklore
Ramu,Ilaiyaraaja,Drama
Rana Bheri,Ilaiyaraaja,Folklore
Sati Arundhati,Ilaiyaraaja,"Romance
"
Sudigundaalu,Ilaiyaraaja,"Romance
"
Sukha Dukhalu,Ilaiyaraaja,Drama
Thalli Prema,Ilaiyaraaja,"Romance
"
Tikka Sankaraiah,Ilaiyaraaja,Comedy
Uma Chandi Gowri Shankarula Katha,Ilaiyaraaja,"Romance
"
Undamma Bottu Pedata,Ilaiyaraaja,"Romance
"
Veeranjaneya,Ilaiyaraaja,"Romance
"
Aadarsa Kutumbam,Ilaiyaraaja,"Romance
"
Aatmiyulu,Ilaiyaraaja,Drama
Adrushtavanthulu,Ilaiyaraaja,"Romance
"
Aggi Pidugu,Ilaiyaraaja,"Romance
"
Aggi Veerudu,Ilaiyaraaja,"Romance
"
Ardharathiri,Ilaiyaraaja,Drama
Bandhipotu Bhimanna,Ilaiyaraaja,"Romance
"
Bangaru Panjaram,Ilaiyaraaja,Drama
Bhale Mastaru,Ilaiyaraaja,"Romance
"
Bhale Rangadu,Ilaiyaraaja,"Romance
"
Bhale Thammudu,Ilaiyaraaja,"Romance
"
Buddhimantudu,Ilaiyaraaja,"Romance
"
Ekaveera,Ilaiyaraaja,"Romance
"
Gandaragandudu,Ilaiyaraaja,"Romance
"
Gandikota Rahasyam,Ilaiyaraaja,"Romance
"
Gopaludu Bhoopaludu,Ilaiyaraaja,"Romance
"
Kadaladu Vadaladu,Ilaiyaraaja,"Romance
"
Kathanayakudu,Ilaiyaraaja,"Romance
"
Mamaku Tagga Kodalu,Ilaiyaraaja,"Romance
"
Manchi Mithrulu,Ilaiyaraaja,"Romance
"
Manishichina Maguva,Ilaiyaraaja,"Romance
"
Manushulu Marali,Ilaiyaraaja,"Romance
"
Mathru Devata,Ilaiyaraaja,"Romance
"
Mooga Nomu,Ilaiyaraaja,Drama
Natakala Rayudu,Ilaiyaraaja,"Romance
"
Nindu Hrudayalu,Ilaiyaraaja,Drama
Poovanam,Ilaiyaraaja,"Romance
"
Raja Simha,Ilaiyaraaja,Action
Sabash Satyam,Ilaiyaraaja,"Romance
"
Saptaswaralu,Ilaiyaraaja,Drama
Sattekalapu Satteya,Ilaiyaraaja,"Romance
"
Shri Rama Katha,Ilaiyaraaja,"Romance
"
Sipayi Chinnayya,Ilaiyaraaja,"Romance
"
Takkaridonga Chakkanichukka,Ilaiyaraaja,"Romance
"
Ukkupidugu,Ilaiyaraaja,"Romance
"
Varakatnam,Ilaiyaraaja,"Romance
"
Vichitra Kutumbam,Ilaiyaraaja,"Romance
"
Akhandudu,Ilaiyaraaja,"Romance
"
Akka Chellelu,Ilaiyaraaja,"Romance
"
Ali Baba 40 Dongalu,Ilaiyaraaja,"Romance
"
Amma Kosam,Ilaiyaraaja,"Romance
"
Balaraju Katha,Ilaiyaraaja,"Romance
"
Chitti Chellelu,Ilaiyaraaja,"Romance
"
Desamante Manushuloyi,Ilaiyaraaja,"Romance
"
Dharma Daata,Ilaiyaraaja,"Romance
"
Drohi,Ilaiyaraaja,"Romance
"
Jai Jawan,Ilaiyaraaja,"Romance
"
Kathanayika Molla,Ilaiyaraaja,"Romance
"
Kodalu Diddina Kapuram,Ilaiyaraaja,"Romance
"
Lakshmi Kataksham,Ilaiyaraaja,"Romance
"
Maa Manchi Akkayya,Ilaiyaraaja,"Romance
"
Maa Nanna Nirdhoshi,Ilaiyaraaja,"Romance
"
Malli Pelli,Ilaiyaraaja,"Romance
"
Marina Manishi,Ilaiyaraaja,"Romance
"
Maro Prapancham,Ilaiyaraaja,"Romance
"
Mayani Mamata,Ilaiyaraaja,"Romance
"
Merupu Veerudu,Ilaiyaraaja,"Romance
"
Oke Kutumbham,Ilaiyaraaja,"Romance
"
Pelli Koothuru,Ilaiyaraaja,"Romance
"
Pelli Sambandham,Ilaiyaraaja,"Romance
"
Pettandarulu,Ilaiyaraaja,"Romance
"
Sambarala Rambabu,Ilaiyaraaja,"Romance
"
Thaali Bottu,Ilaiyaraaja,"Romance
"
Thalla? Pellama?,Ilaiyaraaja,"Romance
"
Vidhi Vilasam,Ilaiyaraaja,"Romance
"
Vijayam Manade,Ilaiyaraaja,"Romance
"
Adrusta Jathakudu,Ilaiyaraaja,"Romance
"
Amaayakuraalu,Ilaiyaraaja,"Romance
"
Anuradha,Ilaiyaraaja,"Romance
"
Bangaru Kutumbam,Ilaiyaraaja,"Romance
"
Bangaru Talli,Ilaiyaraaja,"Romance
"
Bhagyavantudu,Ilaiyaraaja,"Romance
"
Bhale Papa,Ilaiyaraaja,"Romance
"
Bomma Borusa,Ilaiyaraaja,Mythology
Chelleli Kapuram,Ilaiyaraaja,"Romance
"
Chinnanati Snehitulu,Ilaiyaraaja,"Romance
"
Dasara Bullodu,Ilaiyaraaja,"Romance
"
Iddaru Ammayilu,Ilaiyaraaja,"Romance
"
Jeevitha Chakram,Ilaiyaraaja,Musical
Kalyana Mandapam,Ilaiyaraaja,"Romance
"
Manasu Mangalyam,Ilaiyaraaja,"Romance
"
Mattilo Manikyam,Ilaiyaraaja,"Romance
"
Mosagallaku Mosagadu,Ilaiyaraaja,Comedy
Naa Thammudu ,Ilaiyaraaja,"Romance
"
Nenu Manishine ,Ilaiyaraaja,"Romance
"
Nindu Dampathulu,Ilaiyaraaja,"Romance
"
Pagabattina Paduchu,Ilaiyaraaja,"Romance
"
Pavitra Bandham,Ilaiyaraaja,Social
Pavitra Hrudayalu,Ilaiyaraaja,"Romance
"
Pethamdaarlu ,Ilaiyaraaja,"Romance
"
Prema Nagar,Ilaiyaraaja,"Romance
"
Raitu Bidda,Ilaiyaraaja,"Romance
"
Raitu Kutumbam ,Ilaiyaraaja,"Romance
"
Rajakota Rahasyam,Ilaiyaraaja,Folklore
Ramalayam,Ilaiyaraaja,"Romance
"
Rangeli Raja,Ilaiyaraaja,"Romance
"
Sampoorna Ramayanam,Ilaiyaraaja,Mythology
Sati Ansuya ,Ilaiyaraaja,Mythology
Sri Krishna Satya,Ilaiyaraaja,Mythology
Sri Krishna Vijayamu,Ilaiyaraaja,Mythology
Srimanthudu,Ilaiyaraaja,"Romance
"
Sisindri Chittibabu,Ilaiyaraaja,"Romance
"
Suputhrudu,Ilaiyaraaja,Musical
Tahsildar Gari Ammayi,Ilaiyaraaja,"Romance
"
Varalakshmi Vratam,Ilaiyaraaja,"Romance
"
Vichithra Kutumbam,Ilaiyaraaja,"Romance
"
Vikramarka Vijayam,Ilaiyaraaja,"Romance
"
Akka Thamudu,Ilaiyaraaja,"Romance
"
Antha Mana Manchike,Ilaiyaraaja,"Romance
"
Badi Panthulu,Ilaiyaraaja,Social
Bala Bharatam,Ilaiyaraaja,"Romance
"
Bala Mitrula Katha,Ilaiyaraaja,"Romance
"
Bandipotu,Ilaiyaraaja,Folklore
Beedala Patlu,Ilaiyaraaja,"Romance
"
Bhale Mosagadu,Ilaiyaraaja,Action
Bharya Biddalu,Ilaiyaraaja,Musical
Datta Putrudu,Ilaiyaraaja,"Romance
"
Guduputani,Ilaiyaraaja,"Romance
"
Hantakulu Devantakulu,Ilaiyaraaja,Action
Illu Illalu,Ilaiyaraaja,Social
Inspector Bharya,Ilaiyaraaja,"Romance
"
Kalam Marindi,Ilaiyaraaja,"Romance
"
Koduku Kodalu,Ilaiyaraaja,"Romance
"
Kula Gowravam,Ilaiyaraaja,"Romance
"
Manavudu Danavudu,Ilaiyaraaja,"Romance
"
Manchi Rojulu Vachchaayi,Ilaiyaraaja,Social
Mathru Murthy?,Ilaiyaraaja,"Romance
"
Md Bin Tuglak,Ilaiyaraaja,Mythology
Neeti-Nijayiti,Ilaiyaraaja,"Romance
"
Pandanti Kapuram,Ilaiyaraaja,"Romance
"
Papam Pasivadu,Ilaiyaraaja,"Romance
"
Raitu Kutumbam,Ilaiyaraaja,"Romance
"
Raj Mahal,Ilaiyaraaja,Action
Sabhash Baby?,Ilaiyaraaja,"Romance
"
Sabhash Vadina,Ilaiyaraaja,"Romance
"
Sri Krishnanjaneya Yuddham,Ilaiyaraaja,"Romance
"
Vichitra Bandham,Ilaiyaraaja,"Romance
"
Vinta Dampatulu,Ilaiyaraaja,Social
Vooriki Vupakari,Ilaiyaraaja,"Romance
"
Abhimanavantulu,Ilaiyaraaja,"Romance
"
Andala Ramudu,Ilaiyaraaja,"Romance
"
Bangaru Babu,Ilaiyaraaja,"Romance
"
Bhakta Tukaram,Ilaiyaraaja,"Romance
"
Dabbuki Lokam Dasoham,Ilaiyaraaja,"Romance
"
Desoddharakulu,Ilaiyaraaja,"Romance
"
Devudu Chesina Manushulu,Ilaiyaraaja,"Romance
"
Dhanama? Daivama?,Ilaiyaraaja,"Romance
"
Doctor Babu,Ilaiyaraaja,"Romance
"
Errakota Veerudu,Ilaiyaraaja,Fantasy
Gandhi Puttina Desam,Ilaiyaraaja,Social
Ganga Manga,Ilaiyaraaja,Mythology
Geeta,Ilaiyaraaja,"Romance
"
Geetaanjali,Ilaiyaraaja,"Romance
"
Inti Dongalu,Ilaiyaraaja,"Romance
"
Jeevana Tarangalu,Ilaiyaraaja,"Romance
"
Kanna Koduku,Ilaiyaraaja,Drama
Lokam Marali,Ilaiyaraaja,"Romance
"
Mamatha,Ilaiyaraaja,"Romance
"
Manchi Vallaki Manchivadu,Ilaiyaraaja,"Romance
"
Manchivadu,Ilaiyaraaja,"Romance
"
Marapurani Manishi,Ilaiyaraaja,"Romance
"
Mayadari Malligadu,Ilaiyaraaja,Social
Meghamala,Ilaiyaraaja,"Romance
"
Memu Manushulame,Ilaiyaraaja,"Romance
"
Neramu Siksha,Ilaiyaraaja,"Romance
"
Paropakari,Ilaiyaraaja,Social
Palletoori Bava,Ilaiyaraaja,"Romance
"
Pasi Hrudayalu,Ilaiyaraaja,"Romance
"
Poola Mala,Ilaiyaraaja,"Romance
"
Puttinillu Mettinillu,Ilaiyaraaja,"Romance
"
Samsaram Sagaram,Ilaiyaraaja,"Romance
"
Sarada,Ilaiyaraaja,"Romance
"
Srivaru Maavaru,Ilaiyaraaja,Family
Snehabandam,Ilaiyaraaja,"Romance
"
Sthri Chandra Kala,Ilaiyaraaja,"Romance
"
Tallikodukulu,Ilaiyaraaja,"Romance
"
Tata Manavadu,Ilaiyaraaja,"Romance
"
Vaade Veedu,Ilaiyaraaja,"Romance
"
Visali,Ilaiyaraaja,"Romance
"
Yesu Prabhu,Ilaiyaraaja,"Romance
"
Akka Thamudu,Ilaiyaraaja,"Romance
"
Antha Mana Manchike,Ilaiyaraaja,"Romance
"
Badi Panthulu,Ilaiyaraaja,Social
Bala Bharatam,Ilaiyaraaja,"Romance
"
Bala Mitrula Katha,Ilaiyaraaja,"Romance
"
Bandipotu,Ilaiyaraaja,Folklore
Beedala Patlu,Ilaiyaraaja,"Romance
"
Bhale Mosagadu,Ilaiyaraaja,Action
Bharya Biddalu,Ilaiyaraaja,Musical
Datta Putrudu,Ilaiyaraaja,"Romance
"
Guduputani,Ilaiyaraaja,"Romance
"
Hantakulu Devantakulu,Ilaiyaraaja,Action
Illu Illalu,Ilaiyaraaja,Social
Inspector Bharya,Ilaiyaraaja,"Romance
"
Kalam Marindi,Ilaiyaraaja,"Romance
"
Koduku Kodalu,Ilaiyaraaja,"Romance
"
Kula Gowravam,Ilaiyaraaja,"Romance
"
Manavudu Danavudu,Ilaiyaraaja,"Romance
"
Manchi Rojulu Vachchaayi,Ilaiyaraaja,Social
Mathru Murthy?,Ilaiyaraaja,"Romance
"
Md Bin Tuglak,Ilaiyaraaja,Mythology
Neeti-Nijayiti,Ilaiyaraaja,"Romance
"
Pandanti Kapuram,Ilaiyaraaja,"Romance
"
Papam Pasivadu,Ilaiyaraaja,"Romance
"
Raitu Kutumbam,Ilaiyaraaja,"Romance
"
Raj Mahal,Ilaiyaraaja,Action
Sabhash Baby?,Ilaiyaraaja,"Romance
"
Sabhash Vadina,Ilaiyaraaja,"Romance
"
Sri Krishnanjaneya Yuddham,Ilaiyaraaja,"Romance
"
Vichitra Bandham,Ilaiyaraaja,"Romance
"
Vinta Dampatulu,Ilaiyaraaja,Social
Vooriki Vupakari,Ilaiyaraaja,"Romance
"
Aadhani Adrustam,Ilaiyaraaja,"Romance
"
Abhimanavathi,Ilaiyaraaja,Drama
Ammayila Sapatham,Ilaiyaraaja,Comedy
Ammayilu Jagratha,Ilaiyaraaja,"Romance
"
Andaru Manchivare,Ilaiyaraaja,Drama
Annadammula Anubandham,Ilaiyaraaja,Action
Annadammula Katha,Ilaiyaraaja,Comedy
Anuragalu,Ilaiyaraaja,"Romance
"
Babu,Ilaiyaraaja,Drama
Balipeetam,Ilaiyaraaja,Drama
Bhagasthulu,Ilaiyaraaja,Family
Bharatamlo Oka Ammayi,Ilaiyaraaja,"Romance
"
Bharathi,Ilaiyaraaja,Drama
Bullemma Sapatham,Ilaiyaraaja,"Romance
"
Chaduvu Samskaram,Ilaiyaraaja,Drama
Challani Thalli,Ilaiyaraaja,Drama
Cheekati Velugulu,Ilaiyaraaja,Drama
Chinninati Kalalu,Ilaiyaraaja,Drama
Chittamma Chilakamma,Ilaiyaraaja,"Romance
"
Cinema Vaibhavam,Ilaiyaraaja,"Romance
"
Devude Digivaste,Ilaiyaraaja,Fantasy
Devudu Chesina Pelli,Ilaiyaraaja,"Romance
"
Devudulanti Manishi,Ilaiyaraaja,"Romance
"
Eduruleni Manishi,Ilaiyaraaja,Drama
Ee Kalam Dampathulu,Ilaiyaraaja,"Romance
"
Gajula Kishtayya,Ilaiyaraaja,Drama
Gunavanthudu,Ilaiyaraaja,"Romance
"
Jebu Donga,Ilaiyaraaja,Drama
Jeevana Jyothi,Ilaiyaraaja,Drama
Kathanayakuni Katha,Ilaiyaraaja,Drama
Kothakapuram,Ilaiyaraaja,"Romance
"
Lakshmana Rekha,Ilaiyaraaja,"Romance
"
Maa Inti Devudu,Ilaiyaraaja,Mythology
Maa Voori Ganga,Ilaiyaraaja,Drama
Mallela Manasulu,Ilaiyaraaja,Family
Maya Maschindra,Ilaiyaraaja,Mythology
Moguda? Pellama?,Ilaiyaraaja,Drama
Mutyala Muggu,Ilaiyaraaja,Drama
Naaku Swatantram Vachindi,Ilaiyaraaja,Drama
Pandati Samsaram,Ilaiyaraaja,Family
Parivartana,Ilaiyaraaja,"Romance
"
Pichodi Pelli,Ilaiyaraaja,Comedy
Pooja,Ilaiyaraaja,"Romance
"
Puttinti Gowravam,Ilaiyaraaja,Drama
Raktha Sambandham,Ilaiyaraaja,Drama
Ramayya Thandri,Ilaiyaraaja,Family
Ramuni Minchina Ramudu,Ilaiyaraaja,Drama
Samsaram,Ilaiyaraaja,Drama
Santhanam Soubhagyam,Ilaiyaraaja,"Romance
"
Soubhagyavathi,Ilaiyaraaja,"Romance
"
Sri Chamundeswari Mahima,Ilaiyaraaja,Mythology
Sri Ramanjaneya Yuddham,Ilaiyaraaja,Mythology
Swargam Narakam,Ilaiyaraaja,"Romance
"
Teerpu,Ilaiyaraaja,"Romance
"
Thota Ramudu,Ilaiyaraaja,Drama
Vaikuntapali,Ilaiyaraaja,"Romance
"
Vayasochina Pilla,Ilaiyaraaja,"Romance
"
Yashoda Krishna,Ilaiyaraaja,Mythology
Zamindarugari Ammayi,Ilaiyaraaja,Social
America Ammayi,Ilaiyaraaja,"Romance
"
Aradhana,Ilaiyaraaja,"Romance
"
Anthuleni Katha,Ilaiyaraaja,Drama
Bangaru Manishi,Ilaiyaraaja,"Romance
"
Bhakta Kannappa,Ilaiyaraaja,"Romance
"
Iddaru Iddare,Ilaiyaraaja,Drama
Jyothi,Ilaiyaraaja,"Romance
"
Maa Daivam,Ilaiyaraaja,"Romance
"
Mahakavi Kshetrayya,Ilaiyaraaja,Biography
Magaadu,Ilaiyaraaja,"Romance
"
Mahatmudu,Ilaiyaraaja,"Romance
"
Manchiki Maro Peru,Ilaiyaraaja,"Romance
"
Manushulanta Okkate,Ilaiyaraaja,Action
Monagadu,Ilaiyaraaja,"Romance
"
Muthyala Pallaki,Ilaiyaraaja,Drama
Naa Pere Bhagavan,Ilaiyaraaja,"Romance
"
Neram Nadi Kadu Akalidi,Ilaiyaraaja,"Romance
"
Oorummadi Brathukulu,Ilaiyaraaja,"Romance
"
Pichi Maaraju,Ilaiyaraaja,"Romance
"
Pogarubothu,Ilaiyaraaja,Action
Prema Bandham,Ilaiyaraaja,"Romance
"
Raju Vedale,Ilaiyaraaja,"Romance
"
Secretary,Ilaiyaraaja,Drama
Siri Siri Muvva,Ilaiyaraaja,"Romance
"
Sita Kalyanam,Ilaiyaraaja,Drama
Soggadu,Ilaiyaraaja,Drama
Thoorpu Padamara,Ilaiyaraaja,"Romance
"
Vemulawada Bheemakavi,Ilaiyaraaja,"Romance
"
Vintha Illu Santha Gola,Ilaiyaraaja,Drama
Yavvanam Katesindi,Ilaiyaraaja,Drama
Aalu Magalu,Ilaiyaraaja,Drama
Aame Katha,Ilaiyaraaja,"Romance
"
Aatmiyudu,Ilaiyaraaja,"Romance
"
Adavi Ramudu,Ilaiyaraaja,Drama
Amara Deepam,Ilaiyaraaja,Drama
Bangaru Bommalu,Ilaiyaraaja,"Romance
"
Bhale Alludu,Ilaiyaraaja,Drama
Chakradhari,Ilaiyaraaja,"Romance
"
Chanakya Chandragupta,Ilaiyaraaja,Historical
Chilakamma Cheppindi,Ilaiyaraaja,"Romance
"
Chillarakottu Chittemma,Ilaiyaraaja,Drama
Daana Veera Soora Karna,Ilaiyaraaja,Mythology
Devathalara Deevinchandi,Ilaiyaraaja,Drama
Edureeta,Ilaiyaraaja,"Romance
"
Eetharam Manishi,Ilaiyaraaja,Drama
Gadusu Pillodu,Ilaiyaraaja,Action
Jeevana Teeralu,Ilaiyaraaja,"Romance
"
Jeevitha Nouka,Ilaiyaraaja,Drama
Kalpanaa,Ilaiyaraaja,Drama
Kanya Kumari,Ilaiyaraaja,Drama
Khaidi Kalidasu,Ilaiyaraaja,Action
Kurukshetram,Ilaiyaraaja,Mythology
Maa Iddari Katha,Ilaiyaraaja,Action
Panthulamma,Ilaiyaraaja,Drama
Premalekhalu,Ilaiyaraaja,Drama
Raja Ramesh,Ilaiyaraaja,"Romance
"
Seetha Rama Vanavasam,Ilaiyaraaja,Mythology
Sneham,Ilaiyaraaja,Drama
Tharam Marindi,Ilaiyaraaja,Drama
Tholireyi Gadichindi,Ilaiyaraaja,"Romance
"
Yamagola,Ilaiyaraaja,Fantasy
Agent Gopi,Ilaiyaraaja,Social
Angadi Bomma,Ilaiyaraaja,Drama
Annadammula Savaal,Ilaiyaraaja,Drama
Athani Kante Ghanudu,Ilaiyaraaja,"Romance
"
Bommarillu,Ilaiyaraaja,Drama
Chal Mohana Ranga,Ilaiyaraaja,Action
Chali Cheemalu,Ilaiyaraaja,"Romance
"
Cheppindi Chestha,Ilaiyaraaja,Drama
Chilipi Krishnudu,Ilaiyaraaja,"Romance
"
Chiranjeevi Rambabu,Ilaiyaraaja,Drama
Devadasu Malli Puttadu,Ilaiyaraaja,"Romance
"
Dongala Dopidi,Ilaiyaraaja,Comedy
Dongala Veta,Ilaiyaraaja,Action
Doo Doo Basavanna,Ilaiyaraaja,Comedy
Enki Naidu Bava,Ilaiyaraaja,Drama
Gamattu Gudachari,Ilaiyaraaja,Comedy
Gorantha Deepam,Ilaiyaraaja,"Romance
"
Indradhanassu,Ilaiyaraaja,"Romance
"
Jaganmohini,Ilaiyaraaja,Fantasy
Kalanthakulu,Ilaiyaraaja,Comedy
Karunamayudu,Ilaiyaraaja,"Romance
"
Katakataala Rudraiah,Ilaiyaraaja,Action
KD No:1,Ilaiyaraaja,Action
Khaidi No. 77,Ilaiyaraaja,Action
Kondura,Ilaiyaraaja,"Romance
"
Kumara Raja,Ilaiyaraaja,Drama
Lawyer Viswanath,Ilaiyaraaja,"Romance
"
Mallepoovu,Ilaiyaraaja,"Romance
"
Mana Voori Pandavulu,Ilaiyaraaja,Action
Manchi Babai,Ilaiyaraaja,Drama
Maro Charitra,Ilaiyaraaja,"Romance
"
Melu Kolupu,Ilaiyaraaja,Drama
Muggure Mugguru,Ilaiyaraaja,Drama
Naalaaga Endaro,Ilaiyaraaja,Drama
Nayudu Bava,Ilaiyaraaja,"Romance
"
Nindu Manishi,Ilaiyaraaja,Drama
Oka Oori Katha,Ilaiyaraaja,Drama
Padaharella Vayasu,Ilaiyaraaja,"Romance
"
Patnavasam,Ilaiyaraaja,Drama
Pottelu Punnamma,Ilaiyaraaja,Drama
Pranam Khareedu,Ilaiyaraaja,Action
Prema Chesina Pelli,Ilaiyaraaja,"Romance
"
Radha Krishna,Ilaiyaraaja,"Romance
"
Rajaputra Rahasyam,Ilaiyaraaja,Fantasy
Rama Krishnulu,Ilaiyaraaja,Action
Ramachilaka,Ilaiyaraaja,"Romance
"
Rickshaw Raji,Ilaiyaraaja,Drama
Rowdy Rangamma,Ilaiyaraaja,Drama
Sahasavanthudu,Ilaiyaraaja,Action
Sati Savitri,Ilaiyaraaja,Mythology
Seetamalakshmi,Ilaiyaraaja,Drama
Simha Baludu,Ilaiyaraaja,Action
Simha Garjana,Ilaiyaraaja,Action
Sivaranjani,Ilaiyaraaja,Drama
Sommokadidi Sokokadidi,Ilaiyaraaja,"Romance
"
Sri Rama Pattabhishekam,Ilaiyaraaja,Mythology
Sri Rama Raksha,Ilaiyaraaja,Drama
Sri Renukadevi Mahatyam,Ilaiyaraaja,Devotional
Surya Chandrulu,Ilaiyaraaja,Drama
Vayasu Pilichindi,Ilaiyaraaja,"Romance
"
Vichitra Jeevitham,Ilaiyaraaja,"Romance
"
Yuga Purushudu,Ilaiyaraaja,Action
Akbar Salim Anarkali,Ilaiyaraaja,Mythology
Andadu Aagadu,Ilaiyaraaja,"Romance
"
Andamaina Anubhavam,Ilaiyaraaja,"Romance
"
Andaman Ammayi,Ilaiyaraaja,"Romance
"
Annai Oru Aalayam,Ilaiyaraaja,Adventure
Bangaru Chellelu,Ilaiyaraaja,"Romance
"
Burripalem Bullodu,Ilaiyaraaja,"Romance
"
Dharma Yuddham,Ilaiyaraaja,"Romance
"
Driver Ramudu,Ilaiyaraaja,"Romance
"
Gorintaku,Ilaiyaraaja,"Romance
"
Guppedu Manasu,Ilaiyaraaja,"Romance
"
Hema Hemeelu,Ilaiyaraaja,"Romance
"
I Love You,Ilaiyaraaja,"Romance
"
Iddaru Asadhyule,Ilaiyaraaja,"Romance
"
Idi Katha Kaadu,Ilaiyaraaja,"Romance
"
Judagadu,Ilaiyaraaja,"Romance
"
Kalyani,Ilaiyaraaja,"Romance
"
Kaliyuga Mahabharatam,Ilaiyaraaja,"Romance
"
Karthika Deepam,Ilaiyaraaja,"Romance
"
Korikale Gurralaite,Ilaiyaraaja,"Romance
"
Kothala Raayudu,Ilaiyaraaja,"Romance
"
Kotta Alludu,Ilaiyaraaja,"Romance
"
Kukka Katuku Cheppu Debba,Ilaiyaraaja,"Romance
"
Maavari Manchitanam,Ilaiyaraaja,"Romance
"
Mande Gundelu,Ilaiyaraaja,"Romance
"
Muddula Koduku,Ilaiyaraaja,"Romance
"
Naa Illu Naa Vallu,Ilaiyaraaja,"Romance
"
Nagna Sathyam,Ilaiyaraaja,"Romance
"
Needa,Ilaiyaraaja,"Romance
"
Nimajjanam,Ilaiyaraaja,"Romance
"
Nindu Noorellu,Ilaiyaraaja,"Romance
"
Pancha Bhoothalu,Ilaiyaraaja,"Romance
"
Punadhirallu,Ilaiyaraaja,"Romance
"
Rama Banam,Ilaiyaraaja,"Romance
"
Rangoon Rowdy,Ilaiyaraaja,"Romance
"
Ravanude Ramudayithe?,Ilaiyaraaja,"Romance
"
Shri Rama Bantu,Ilaiyaraaja,"Romance
"
Sri Madvirata Parvam,Ilaiyaraaja,"Romance
"
Sri Tirupati Venkateswara Kalyanam,Ilaiyaraaja,"Romance
"
Sri Vinayaka Vijayamu,Ilaiyaraaja,"Romance
"
Srungara Ramudu,Ilaiyaraaja,"Romance
"
Tayaramma Bangarayya,Ilaiyaraaja,"Romance
"
Tiger,Ilaiyaraaja,"Romance
"
Toorpu Velle Railu,Ilaiyaraaja,"Romance
"
Vetagaadu,Ilaiyaraaja,"Romance
"
Yugandhar,Ilaiyaraaja,"Romance
"
Aarani Mantalu,Ilaiyaraaja,"Romance
"
Aatagadu,Ilaiyaraaja,"Romance
"
Adadhee Gadapa Datithe,Ilaiyaraaja,"Romance
"
Adrushtavanthudu,Ilaiyaraaja,"Romance
"
Agni Samskaram,Ilaiyaraaja,"Romance
"
Alayam,Ilaiyaraaja,"Romance
"
Alludu Pattina Bharatam,Ilaiyaraaja,"Romance
"
Bebbuli,Ilaiyaraaja,"Romance
"
Bhale Krishnudu,Ilaiyaraaja,"Romance
"
Buchi Babu,Ilaiyaraaja,"Romance
"
Challenge Ramudu,Ilaiyaraaja,"Romance
"
Chandipriya,Ilaiyaraaja,"Romance
"
Chesina Baasalu,Ilaiyaraaja,"Romance
"
Chuttalunnaru Jagratha,Ilaiyaraaja,"Romance
"
Circus Ramudu,Ilaiyaraaja,"Romance
"
Dharma Chakram,Ilaiyaraaja,"Romance
"
Gaja Donga,Ilaiyaraaja,"Romance
"
Gandhara Golam,Ilaiyaraaja,"Romance
"
Gayyali Gangamma,Ilaiyaraaja,"Romance
"
Guru,Ilaiyaraaja,"Romance
"
Harischandrudu,Ilaiyaraaja,"Romance
"
Jathara,Ilaiyaraaja,"Romance
"
Kaali,Ilaiyaraaja,"Romance
"
Kaksha,Ilaiyaraaja,"Romance
"
Kaliyuga Ravanasurudu,Ilaiyaraaja,"Romance
"
Kiladi Krishnudu,Ilaiyaraaja,"Romance
"
Kodallu Vastunnaru Jagratha,Ilaiyaraaja,"Romance
"
Kotha Jeevithalu,Ilaiyaraaja,"Romance
"
Kottapeta Rowdy,Ilaiyaraaja,"Romance
"
Love in Singapore,Ilaiyaraaja,"Romance
"
Maa Bhoomi,Ilaiyaraaja,"Romance
"
Mahalakshmi,Ilaiyaraaja,"Romance
"
Manavude Mahaneeyudu,Ilaiyaraaja,"Romance
"
Mayadari Krishnudu,Ilaiyaraaja,"Romance
"
Mogudu Kaavali,Ilaiyaraaja,"Romance
"
Moodu Mulla Bandham,Ilaiyaraaja,"Romance
"
Mosagadu,Ilaiyaraaja,"Romance
"
Nakili Manishi,Ilaiyaraaja,"Romance
"
Nayakudu Vinayakudu,Ilaiyaraaja,"Romance
"
Pilla Zamindar,Ilaiyaraaja,"Romance
"
Prema Kanuka,Ilaiyaraaja,"Romance
"
Prema Tarangalu,Ilaiyaraaja,"Romance
"
Punnami Naagu,Ilaiyaraaja,"Romance
"
Rakta Bandham,Ilaiyaraaja,"Romance
"
Ram Robert Rahim,Ilaiyaraaja,"Romance
"
Ramudu Parasuramudu,Ilaiyaraaja,"Romance
"
Rowdy Ramudu Konte Krishnudu,Ilaiyaraaja,"Romance
"
Sankarabharanam,Ilaiyaraaja,"Romance
"
Sannayi Appanna,Ilaiyaraaja,"Romance
"
Sarada Ramudu,Ilaiyaraaja,"Romance
"
Sardar Papa Rayudu,Ilaiyaraaja,"Romance
"
Sirimalle Navvindi,Ilaiyaraaja,"Romance
"
Sita Ramulu,Ilaiyaraaja,"Romance
"
Srivari Muchatlu,Ilaiyaraaja,"Romance
"
Subhodayam,Ilaiyaraaja,"Romance
"
Superman,Ilaiyaraaja,"Romance
"
Thathayya Premaleelalu,Ilaiyaraaja,"Romance
"
Tholi Kodi Koosindi,Ilaiyaraaja,"Romance
"
Yamudu,Ilaiyaraaja,"Romance
"
Yedanthasthula Meda,Ilaiyaraaja,"Romance
"
Yuvatharam Kadilindi,Ilaiyaraaja,"Romance
"
Vamsa Vruksham,Ilaiyaraaja,"Romance
"
Aatmabalam,Ilaiyaraaja,"Romance
"
Adavi Donga,Chakravarthy,"Romance
"
Agni Parvatam,Chakravarthy,"Romance
"
Anveshana,Ilaiyaraaja,"Romance
"
Babayi-Abbayi,Ilaiyaraaja,"Romance
"
Bangaru Chilaka,S. P. Balasubrahmanyam,"Romance
"
Bhale Thammudu,Ilaiyaraaja,"Romance
"
Bharyabhartala Bandham,Chakravarthy,"Romance
"
Bullet,Ilaiyaraaja,"Romance
"
Chattamtho Poratam,Chakravarthy,"Romance
"
Chiranjeevi,Ilaiyaraaja,"Romance
"
Dampatyam,Ilaiyaraaja,"Romance
"
Darja Donga,Ilaiyaraaja,"Romance
"
Devalayam,Chakravarthy,"Romance
"
Donga,Chakravarthy,"Romance
"
Dongala Vetagadu,Ilaiyaraaja,"Romance
"
Illale Devata,Ilaiyaraaja,"Romance
"
Jwala,Ilaiyaraaja,"Romance
"
Kattula Kondaiah,Ilaiyaraaja,"Romance
"
Kongu Mudi,S. P. Balasubrahmanyam,"Romance
"
Kotha Pelli Koothuru,Ilaiyaraaja,"Romance
"
Maa Pallelo Gopaludu,K. V. Mahadevan,"Romance
"
Maha Manishi,Ilaiyaraaja,"Romance
"
Maha Sangramam,Chakravarthy,"Romance
"
Maharaju,Chakravarthy,"Romance
"
Manthra Dandam,Chakravarthy,"Romance
"
Mogudu Pellalu,Ramesh Naidu,"Romance
"
Muchataga Mugguru,K. V. Mahadevan,"Romance
"
Nyayam Meere Cheppali,Ilaiyaraaja,"Romance
"
Oka Radha Iddaru Krishnulu,Ilaiyaraaja,"Romance
"
Pachani Kapuram,Chakravarthy,"Romance
"
Palnati Simham,Chakravarthy,"Romance
"
Pattabhishekam,Ilaiyaraaja,"Romance
"
Pratighatana,Ilaiyaraaja,"Romance
"
Preminchu Pelladu,Ilaiyaraaja,"Romance
"
Puli,Ilaiyaraaja,"Romance
"
Ragile Gundelu,Chakravarthy,"Romance
"
Rakta Sindhuram,Chakravarthy,"Romance
"
Sri Datta Darsanam,Ilaiyaraaja,"Romance
"
Siksha,K. V. Mahadevan,"Romance
"
Sravanthi,Ilaiyaraaja,"Romance
"
Srivari Shobanam,Ramesh Naidu,"Romance
"
Surya Chandra,Ilaiyaraaja,"Romance
"
Tirugubatu,Ilaiyaraaja,"Romance
"
Vajrayudham,Chakravarthy,"Romance
"
Vande Mataram,Chakravarthy,"Romance
"
Vijetha,Chakravarthy,"Romance
"
Yuvataram Pilicindi,Ilaiyaraaja,"Romance
"
Aatma Bandhuvulu,Ilaiyaraaja,"Romance
"
Ajeyudu,Ilaiyaraaja,"Romance
"
Allari Krishnaiah,Ilaiyaraaja,"Romance
"
Aradhana,Ilaiyaraaja,"Romance
"
America Abbayi,Saluri Rajeswara Rao,"Romance
"
Agni Putrudu,Chakravarthy,"Romance
"
Aha Naa-Pellanta!,Ramesh Naidu,"Romance
"
Aranya Kanda,Chakravarthy,"Romance
"
Bhale Mogudu,Ilaiyaraaja,"Romance
"
Bhanumati Gari Mogudu,Chakravarthy,"Romance
"
Bharatamlo Arjunudu,Chakravarthy,"Romance
"
Bhargava Ramudu,Chakravarthy,"Romance
"
Brahma Nayudu,Ilaiyaraaja,"Romance
"
Chakravarthy,Chakravarthy,"Romance
"
Chinnari Devatha,Chandrabose,"Romance
"
Collector Gari Abbai,Chakravarthy,"Romance
"
Dabbevariki Chedu,K. V. Mahadevan,"Romance
"
Dammit Katha Addam Thirigindi,Ilaiyaraaja,"Romance
"
Dharmapatni,Ilaiyaraaja,"Romance
"
Donga Garu Swagatham,Ilaiyaraaja,"Romance
"
Donga Mogudu,Chakravarthy,"Romance
"
Gandhinagar Rendava Veedhi,Ilaiyaraaja,"Romance
"
Gundamma Gari Krishnulu,K. V. Mahadevan,"Romance
"
Jebu Donga,Chakravarthy,"Romance
"
Kaboye Alludu,Ilaiyaraaja,"Romance
"
Kirai Dada,Chakravarthy,"Romance
"
Lawyer Suhasini,Ilaiyaraaja,"Romance
"
Lawyer Bharathi Devi,Ilaiyaraaja,"Romance
"
Maa Ooru,Ilaiyaraaja,"Romance
"
Maa Voori Magadu,Chakravarthy,"Romance
"
Madana Gopaludu,Ilaiyaraaja,"Romance
"
Maharshi,Ilaiyaraaja,"Romance
"
Majnu,Laxmikant–Pyarelal,"Romance
"
Makutamleni Maharaju,Ilaiyaraaja,"Romance
"
Manmadha Leela Kamaraju Gola,Ilaiyaraaja,"Romance
"
Muddayi,Ilaiyaraaja,"Romance
"
Muddu Bidda,Ilaiyaraaja,"Romance
"
Muvva Gopaludu,Ilaiyaraaja,"Romance
"
Naku Pellam Kavali,Vasu Rao,"Romance
"
Pasivadi Pranam,Chakravarthy,"Romance
"
Prema Samrat,Satyam,"Romance
"
President Gari Abbai,Chakravarthy,"Romance
"
Pushpaka Vimanam,Ilaiyaraaja,"Romance
"
Ramu,Raj-Koti,"Romance
"
Sahasa Samrat,Ilaiyaraaja,"Romance
"
Samsaram Oka Chadarangam,Ilaiyaraaja,"Romance
"
Sankeertana,Ilaiyaraaja,"Romance
"
Sankharavam,Ilaiyaraaja,"Romance
"
Sardar Dharmanna,Ilaiyaraaja,"Romance
"
Sardar Krishnama Naidu,Ilaiyaraaja,"Romance
"
Shankar Guru,Ilaiyaraaja,"Romance
"
Srimathi Oka Bahumathi,Sankar Ganesh,"Romance
"
Srinivasa Kalyanam,K. V. Mahadevan,"Romance
"
Sruthilayalu,K. V. Mahadevan,"Romance
"
Swayamkrushi,Ramesh Naidu,"Romance
"
Thandri Kodukula Challenge,Ilaiyaraaja,"Romance
"
Thene Manasulu,Ilaiyaraaja,"Romance
"
Trimurtulu,Ilaiyaraaja,"Romance
"
Vijetha Vikram,Ilaiyaraaja,"Romance
"
Viswanatha Nayakudu,J. V. Raghavulu,"Romance
"
Aahuti,Satyam,"Romance
"
Aakhari Poratam,Ilaiyaraaja,"Romance
"
Abhinandana,Ilaiyaraaja,"Romance
"
Agni Keratalu,Chakravarthy,"Romance
"
Antima Teerpu,Ilaiyaraaja,"Romance
"
Asthulu Anthasthulu,Ilaiyaraaja,"Romance
"
Aswaddhama,Ilaiyaraaja,"Romance
"
Bava Marudula Saval,Ilaiyaraaja,"Romance
"
Bazaar Rowdy,Raj-Koti,"Romance
"
Bhama Kalapam,Ilaiyaraaja,"Romance
"
Bharatamlo Bala Chandrudu,Ilaiyaraaja,"Romance
"
Bharya Bhartala Bhagotham,Ilaiyaraaja,"Romance
"
Brahma Puthrudu,Chakravarthy,"Romance
"
Chikkadu Dorakadu,Chakravarthy,"Romance
"
Chinababu,Ilaiyaraaja,"Romance
"
Chinnodu Peddodu,S. P. Balasubrahmanyam,"Romance
"
Choopulu Kalasina Subhavela,Rajan-Nagendra,"Romance
"
Chuttalabbayi,Ilaiyaraaja,"Romance
"
Daasi,Ilaiyaraaja,"Romance
"
Donga Kollu,Vasu Rao,"Romance
"
Donga Pelli,Ilaiyaraaja,"Romance
"
Donga Ramudu,Tulasi,"Romance
"
Illu Illalu Pillalu,Vijayanand,"Romance
"
Inspector Pratap,Ilaiyaraaja,"Romance
"
Jamadagni,Ilaiyaraaja,"Romance
"
Janaki Ramudu,K. V. Mahadevan,"Romance
"
Jeevana Ganga,Ilaiyaraaja,"Romance
"
Jeevana Jyothi,Ilaiyaraaja,"Romance
"
Jhansi Rani,Ilaiyaraaja,"Romance
"
Kallu,Ilaiyaraaja,"Romance
"
Khaidi No. 786,Raj-Koti,"Romance
"
Maa Inti Maharaju,Vasu Rao,"Romance
"
Maharshi,Ilaiyaraaja,"Romance
"
Manchi Donga,Chakravarthy,"Romance
"
Marana Mrudangam,Ilaiyaraaja,"Romance
"
Mugguru Kodukulu,Ilaiyaraaja,"Romance
"
Murali Krishnudu,Ilaiyaraaja,"Romance
"
Pelli Chesi Choodu,Vasu Rao,"Romance
"
Prana Snehithulu,Ilaiyaraaja,"Romance
"
Raktabhishekam,Ilaiyaraaja,"Romance
"
Raktha Tilakam,Ilaiyaraaja,"Romance
"
Ramudu Bheemudu,Raj-Koti,"Romance
"
Rao Gari Illu,Ilaiyaraaja,"Romance
"
Rowdy No.1,Ilaiyaraaja,"Romance
"
Rudraveena,Ilaiyaraaja,"Romance
"
Sahasam Cheyara Dimbhaka,Chakravarthy,"Romance
"
Samsaram,Ilaiyaraaja,"Romance
"
Sri Kanaka Mahalakshmi Recording Dance Troupe,Ilaiyaraaja,"Romance
"
Station Master,Chakravarthy,"Romance
"
Swarnakamalam,Ilaiyaraaja,"Romance
"
Thodallullu,Ilaiyaraaja,"Romance
"
Tiragabadda Telugubidda,Ilaiyaraaja,"Romance
"
Trinetrudu,Raj-Koti,"Romance
"
Varasudochadu,Ilaiyaraaja,"Romance
"
Vivaha Bhojanambu,Raj-Koti,"Romance
"
Yamudiki Mogudu,Raj-Koti,"Romance
"
Yuddha Bhoomi,Chakravarthy,"Romance
"
20va Shatabdam,J. V. Raghavulu,"Romance
"
Aayudham,Ilaiyaraaja,"Romance
"
Adadhi,Ilaiyaraaja,"Romance
"
Abhisarika,Ilaiyaraaja,"Romance
"
Adavi Diviteelu,Ilaiyaraaja,"Romance
"
Aggiramudu,Chakravarthy,"Romance
"
Agni Sakshi,Ilaiyaraaja,"Romance
"
Alajadi,Raj-Koti,"Romance
"
Alludugaru,K. V. Mahadevan,"Romance
"
Anjali,Ilaiyaraaja,"Romance
"
Ankitham,Ilaiyaraaja,"Romance
"
Ankusam,Ilaiyaraaja,"Romance
"
Anna Thammudu,Ilaiyaraaja,"Romance
"
Balachandrudu,Ilaiyaraaja,"Romance
"
Bamma Maata Bangaru Baata,Chandrabose,"Romance
"
Bobbili Raja,Ilaiyaraaja,"Romance
"
Chaitanya,Ilaiyaraaja,"Romance
"
Chevilo Puvvu,K. V. Mahadevan,"Romance
"
Chinnari Muddula Papa,Ilaiyaraaja,"Romance
"
Dagudumuthala Dampathyam,Ilaiyaraaja,"Romance
"
Guru Sishyulu,Ilaiyaraaja,"Romance
"
Idem Pellam Baboi,Ilaiyaraaja,"Romance
"
Iddaru Iddare,Raj-Koti,"Romance
"
Inspector Rudra,K. V. Mahadevan,"Romance
"
Jagadeka Veerudu Athiloka Sundari,Ilaiyaraaja,"Romance
"
Jayammu Nischayammu Raa,Ilaiyaraaja,"Romance
"
Kadapa Redamma,Ilaiyaraaja,"Romance
"
Kartavyam,Ilaiyaraaja,"Romance
"
Kodama Simham,Raj-Koti,"Romance
"
Kokila,Ilaiyaraaja,"Romance
"
Kondaveeti Donga,Ilaiyaraaja,"Romance
"
Lorry Driver,Chakravarthy,"Romance
"
Magaadu,Ilaiyaraaja,"Romance
"
Mahajananiki Maradalu Pilla,Ilaiyaraaja,"Romance
"
Mama Alludu,Ilaiyaraaja,"Romance
"
Manasu Mamata,M. M. Keeravani,"Romance
"
Master Kapuram,Ilaiyaraaja,"Romance
"
Matti Manushulu,Ilaiyaraaja,"Romance
"
Mrugathrushna,Ilaiyaraaja,"Romance
"
Muddula Menalludu,Ilaiyaraaja,"Romance
"
Nari Nari Naduma Murari,K. V. Mahadevan,"Romance
"
Navayugam,Ilaiyaraaja,"Romance
"
Neti Siddhartha,Ilaiyaraaja,"Romance
"
Police Bharya,Ilaiyaraaja,"Romance
"
Prananiki Pranam,Ilaiyaraaja,"Romance
"
Prema Khaidi,Rajan-Nagendra,"Romance
"
Prema Yuddham,Ilaiyaraaja,"Romance
"
Prema Zindabad,Ilaiyaraaja,"Romance
"
Qaidi Dada,Ilaiyaraaja,"Romance
"
Raja Vikramarka,Raj-Koti,"Romance
"
Rambha Rambabu,Ilaiyaraaja,"Romance
"
Rao Gari Intlo Rowdy,Ilaiyaraaja,"Romance
"
Samrajyam,Ilaiyaraaja,"Romance
"
Sathruvu,Ilaiyaraaja,"Romance
"
Udhyamam,Ilaiyaraaja,"Romance
"
Yamadharma Raju,Raj-Koti,"Romance
"
Yauvana Poratham,Ilaiyaraaja,"Romance
"
Yuvabharatham,Ilaiyaraaja,"Romance
"
Aada Pilla,Ilaiyaraaja,"Romance
"
Aagraham,Ilaiyaraaja,Action
Aditya 369,Ilaiyaraaja,Action
Alludu Diddina Kapuram,Ilaiyaraaja,Comedy
Amma,Ilaiyaraaja,Drama
Amma Kadupu Challaga,Ilaiyaraaja,Drama
Amma Rajinama,Ilaiyaraaja,Drama
Appula Appa Rao,Ilaiyaraaja,Comedy
April 1 Vidudala,Ilaiyaraaja,Comedy
Assembly Rowdy,Ilaiyaraaja,Action
Ashwini,Ilaiyaraaja,Social
Athiradhudu,Ilaiyaraaja,"Romance
"
Athma Bandham,Ilaiyaraaja,Drama
Attintlo Adde Mogudu,Ilaiyaraaja,Comedy
Bharat Bandh,Ilaiyaraaja,Action
Bhargava,Ilaiyaraaja,Action
Brahmarshi Vishwamitra,Ilaiyaraaja,Fantasy
Chanti,Ilaiyaraaja,Drama
Chitram Bhalare Vichitram,Ilaiyaraaja,Comedy
Coolie No. 1,Ilaiyaraaja,Action
Edu Kondalaswamy,Ilaiyaraaja,"Romance
"
Edurinti Mogudu Pakkinti Pellam,Ilaiyaraaja,"Romance
"
Gang Leader,Ilaiyaraaja,"Romance
"
Iddaru Pellala Muddula Police,Ilaiyaraaja,"Romance
"
Indra Bhavanam,Ilaiyaraaja,"Romance
"
Jaitra Yatra,Ilaiyaraaja,"Romance
"
Kalikalam,Ilaiyaraaja,"Romance
"
Karthavyam,Ilaiyaraaja,"Romance
"
Keechu Raallu,Ilaiyaraaja,"Romance
"
Kobbari Bondam,Ilaiyaraaja,"Romance
"
Kshana Kshanam,Ilaiyaraaja,"Romance
"
Madhura Nagarilo,Ilaiyaraaja,"Romance
"
Mamagaru,Ilaiyaraaja,"Romance
"
Minor Raja,Ilaiyaraaja,"Romance
"
Naa Ille Naa Swargam,Ilaiyaraaja,"Romance
"
Naa Pellam Naa Ishtam,Ilaiyaraaja,"Romance
"
Nagastharam ,Ilaiyaraaja,"Romance
"
Nayakuralu,Ilaiyaraaja,"Romance
"
Nirnayam,Ilaiyaraaja,"Romance
"
Niyantha,Ilaiyaraaja,"Romance
"
Pandirimancham,Ilaiyaraaja,"Romance
"
Parama Sivudu,Ilaiyaraaja,"Romance
"
Parishkaram,Ilaiyaraaja,"Romance
"
Peddintalludu,Ilaiyaraaja,"Romance
"
Pelli Pustakam,Ilaiyaraaja,"Romance
"
People's Encounter,Ilaiyaraaja,"Romance
"
Prardhana,Ilaiyaraaja,"Romance
"
Prema Entha Madhuram,Ilaiyaraaja,"Romance
"
Prema Thapassu,Ilaiyaraaja,"Romance
"
Ramudu Kadu Rakshasudu,Ilaiyaraaja,"Romance
"
Rowdy Alludu,Ilaiyaraaja,"Romance
"
Rowdy Gaari Pellam,Ilaiyaraaja,"Romance
"
Sarpayagam,Ilaiyaraaja,Drama
Seetharamayya Gari Manavaralu,Ilaiyaraaja,"Romance
"
Shanti Kranti,Ilaiyaraaja,Musical
Siva Shakthi,Ilaiyaraaja,"Romance
"
Sri Edukondala Swaami,Ilaiyaraaja,"Romance
"
Stuartpuram Police Station,Ilaiyaraaja,"Romance
"
Surya IPS,Ilaiyaraaja,"Romance
"
Talli Tandrulu,Ilaiyaraaja,Drama
Teneteega,Ilaiyaraaja,"Romance
"
Vichitra Prema,Ilaiyaraaja,"Romance
"
Yerra Mandaram,Ilaiyaraaja,"Romance
"
Yugantam,Ilaiyaraaja,"Romance
"
Aa Okkati Adakku,Ilaiyaraaja,"Romance
"
Aapadbandhavudu,M. M. Keeravani,"Romance
"
Adharsham,M. M. Keeravani,"Romance
"
Adrushtam,Anand–Milind,"Romance
"
Agreement,M. M. Keeravani,"Romance
"
Ahankari,Raj-Koti,"Romance
"
Akka Mogudu,Raj-Koti,"Romance
"
Alexander,Raj-Koti,"Romance
"
Allari Mogudu,M. M. Keeravani,"Romance
"
Allari Pilla,Vidyasagar,"Romance
"
Ankuram,Hamsalekha,"Romance
"
Antham,Pendyala Nageswara Rao,"Romance
"
Appula Appa Rao,Rajan-Nagendra,"Romance
"
Asadhyulu,Ilaiyaraaja,"Romance
"
Aswamedham,Ilaiyaraaja,"Romance
"
Atta Sommu Alludu Danam,Ilaiyaraaja,"Romance
"
Ayyayyo Brahamayya,B. R. Suresh,"Romance
"
Babai Hotel,Suresh,"Romance
"
Balarama Krishnulu,Raj-Koti,"Romance
"
Bangaru Mama,Raj-Koti,"Romance
"
Bhadram Koduko,Ilaiyaraaja,"Romance
"
Bhale Khaideelu,Ilaiyaraaja,"Romance
"
Brundavanam,Madhavapeddi Suresh,"Romance
"
Chakravyuham,Ilaiyaraaja,"Romance
"
Champion,Vidyasagar,"Romance
"
Chanti,Ilaiyaraaja,"Romance
"
Chillara Mogudu Allari Koduku,Vidyasagar,"Romance
"
Chinarayudu,Ilaiyaraaja,"Romance
"
Chitram Bhalare Vichitram,Vidyasagar,"Romance
"
Chittemma Mogudu,Ilaiyaraaja,"Romance
"
Collectorgari Alludu,Raj-Koti,"Romance
"
College Bullodu,Raj-Koti,"Romance
"
Dabbu Bhale Jabbu,Ilaiyaraaja,"Romance
"
Dharma Kshetram,Ilaiyaraaja,"Romance
"
Doctor Ambedkar,Ilaiyaraaja,"Romance
"
Donga Police,Bappi Lahiri,"Romance
"
Doshi,Raj-Koti,"Romance
"
Gang War,Ilaiyaraaja,"Romance
"
Gharana Mogudu,M. M. Keeravani,"Romance
"
Golmaal Govindam,Chakravarthy,"Romance
"
Gowramma,Ilaiyaraaja,"Romance
"
Jaganaddam and Sons,Ilaiyaraaja,"Romance
"
Joker Mama Super Alludu,Ilaiyaraaja,"Romance
"
Kala Rathrilo Kanne Pilla,C. Sathyam,"Romance
"
Killer,Ilaiyaraaja,"Romance
"
Lathi,Ilaiyaraaja,"Romance
"
Madhavayya Gari Manavadu,Ilaiyaraaja,"Romance
"
Mother India,Ilaiyaraaja,"Romance
"
 Mogudu Pellala Dongata,Raj-Koti,"Romance
"
Moratodu Naa Mogudu,Ilaiyaraaja,"Romance
"
Naga Kanya,Ilaiyaraaja,"Romance
"
Naga Bala,Sankar Ganesh,"Romance
"
Nani,Chakravarthy,"Romance
"
Parvatalu Panakalu,Ramesh Naidu,"Romance
"
Pattudala,Ilaiyaraaja,"Romance
"
Peddarikam,Raj-Koti,"Romance
"
Pellam Chatu Mogudu,J. V. Raghavulu,"Romance
"
Pellam Chebithe Vinali,Chakravarthy,"Romance
"
Pellante Noorella Panta,Ilaiyaraaja,"Romance
"
Pellaniki Premalekha Priyuraliki Subhalekha,J. V. Raghavulu,"Romance
"
Pelli Neeku Sukham Naaku,Raj-Koti,"Romance
"
Police Brothers,Ilaiyaraaja,"Romance
"
Pranadaata,Raj-Koti,"Romance
"
Prema Drohi,Ilaiyaraaja,"Romance
"
Prema Shikharam,Ilaiyaraaja,"Romance
"
Prema Vijeta,Ilaiyaraaja,"Romance
"
President Gari Pellam,M. M. Keeravani,"Romance
"
Priyathama,Ilaiyaraaja,"Romance
"
Public Rowdy,Raj-Koti,"Romance
"
Raguluthunna Bharatham,Ilaiyaraaja,"Romance
"
Rakta Tarpanam,Bappi Lahiri,"Romance
"
Rowdy Inspector,Bappi Lahiri,"Romance
"
Sahasam,Ilaiyaraaja,"Romance
"
Samrat Ashoka,Ilaiyaraaja,"Romance
"
Seetapathi Chalo Tirupathi,Ilaiyaraaja,"Romance
"
Seetharatnam Gari Abbayi,Ilaiyaraaja,"Romance
"
Subba Rayudi Pelli,Ilaiyaraaja,"Romance
"
Sundarakanda,M. M. Keeravani,"Romance
"
Swati Kiranam,K. V. Mahadevan,"Romance
"
Teja,Ilaiyaraaja,"Romance
"
Valu Jada Tolu Beltu,Ilaiyaraaja,"Romance
"
Yagnam,Ilaiyaraaja,"Romance
"
Aagraham,Ilaiyaraaja,"Romance
"
Aadarsham,Ilaiyaraaja,"Romance
"
Aasayam,Ilaiyaraaja,"Romance
"
Abbaigaru,M. M. Keeravani,"Romance
"
Akka Pettanam Chelleli Kapuram,Ilaiyaraaja,"Romance
"
Allari Alludu,M. M. Keeravani,"Romance
"
Allari Priyudu,M. M. Keeravani,"Romance
"
Amma Koduku,Ilaiyaraaja,"Romance
"
Bangaru Bullodu,Raj-Koti,"Romance
"
Bava Bavamaridi,Raj-Koti,"Romance
"
Chirunavvula Varamistava,Ilaiyaraaja,"Romance
"
Chittemma Mogudu,M. M. Keeravani,"Romance
"
Detective Narada,Ilaiyaraaja,"Romance
"
Evandi Aavida Vachindi,Ilaiyaraaja,"Romance
"
Gaayam,Ilaiyaraaja,"Romance
"
Jamba Lakidi Pamba,Raj-Koti,"Romance
"
Joker,Vamshi,"Romance
"
Kannayya Kittayya,Ilaiyaraaja,"Romance
"
Kondapalli Raja,M. M. Keeravani,"Romance
"
Kongu Chatu Krishnudu,Sri,"Romance
"
Kunti Putrudu,Ilaiyaraaja,"Romance
"
Mahanadi,Ilaiyaraaja,"Romance
"
Major Chandrakanth,M. M. Keeravani,"Romance
"
Manavarali Pelli,Vidyasagar,"Romance
"
Matru Devo Bhava,Ilaiyaraaja,"Romance
"
Mayalodu,S. V. Krishna Reddy,"Romance
"
Mechanic Alludu,Raj-Koti,"Romance
"
Money,Sri,"Romance
"
Mister Pellam,M. M. Keeravani,"Romance
"
Mutha Mestri,Raj-Koti,"Romance
"
Nippu Ravva,Bappi Lahiri,"Romance
"
One By Two,Ilaiyaraaja,"Romance
"
Parugo Parugu,Raj-Koti,"Romance
"
Paruvu Pratishta,Raj-Koti,"Romance
"
Pekata Papa Rao,Raj-Koti,"Romance
"
Pillalu Diddina Kapuram,Ilaiyaraaja,"Romance
"
Prema Pusthakam,Ilaiyaraaja,"Romance
"
Rajendrudu Gajendrudu,S. V. Krishna Reddy,"Romance
"
Rajeswari Kalyanam,Ilaiyaraaja,"Romance
"
Rakshana,M. M. Keeravani,"Romance
"
Ratha Sarathi,Ilaiyaraaja,"Romance
"
Rendilla Poojari,M. M. Keeravani,"Romance
"
Rowdy Annayya,"Ashwathama
","Romance
"
Srinatha Kavi Sarvabhowmudu,Ilaiyaraaja,"Romance
"
Tholi Muddhu,Ilaiyaraaja,"Romance
"
Topi Raja Sweety Roja,Rajan-Nagendra,"Romance
"
Varasudu,M. M. Keeravani,"Romance
"
Aame,Vidyasagar,"Romance
"
Aavesham,M. M. Keeravani,"Romance
"
Alibaba Aradajanu Dongalu,Vidyasagar,"Romance
"
Allari Premikudu,M. M. Keeravani,"Romance
"
Allarodu,Ilaiyaraaja,"Romance
"
Ammayi Kapuram,Ilaiyaraaja,"Romance
"
Angarakshakudu,M. M. Keeravani,"Romance
"
Anna,M. M. Keeravani,"Romance
"
Bangaru Kutumbam,Raj-Koti,"Romance
"
Bhairava Dweepam,Madhavapeddi Suresh,"Romance
"
Bhale Pellam,Deva,"Romance
"
Bobbili Simham,M. M. Keeravani,"Romance
"
Brahmachari Mogudu,Raj-Koti,"Romance
"
Captain,Ilaiyaraaja,"Romance
"
Criminal,M. M. Keeravani,"Romance
"
Gandeevam,M. M. Keeravani,"Romance
"
Gangmaster,Ilaiyaraaja,"Romance
"
Gharana Alludu,M. M. Keeravani,"Romance
"
Govinda Govinda,Raj-Koti,"Romance
"
Hello Brother,Raj-Koti,"Romance
"
Jailor Gaari Abbayi,Ilaiyaraaja,"Romance
"
Kooturu,Nalluri Sudheer Kumar,"Romance
"
Lucky Chance,Ilaiyaraaja,"Romance
"
M Dharmaraju M.A.,Raj-Koti,"Romance
"
Madam,Ilaiyaraaja,"Romance
"
Maga Rayudu,Ilaiyaraaja,"Romance
"
Muddula Priyudu,M. M. Keeravani,"Romance
"
Mugguru Monagallu,Vidyasagar,"Romance
"
Number One,S. V. Krishna Reddy,"Romance
"
Palnati Pourusham,A. R. Rahman,"Romance
"
Pelli Koduku,M. M. Keeravani,"Romance
"
Pokkiri Raja,Raj-Koti,"Romance
"
Punyabhoomi Naa Desam,Bappi Lahiri,"Romance
"
S. P. Parasuram,M. M. Keeravani,"Romance
"
Shubhalagnam,S. V. Krishna Reddy,"Romance
"
Super Police,A. R. Rahman,"Romance
"
Teerpu,Ilaiyaraaja,"Romance
"
Top Hero,S. V. Krishna Reddy,"Romance
"
Vaddu Bava Thappu,Ilaiyaraaja,"Romance
"
Yamaleela,S. V. Krishna Reddy,"Romance
"
Aadaalla Majaka,Ilaiyaraaja,"Romance
"
Aayanaki Iddaru,Ilaiyaraaja,"Romance
"
Adavi Dora,Ilaiyaraaja,"Romance
"
Alluda Majaka,Raj-Koti,"Romance
"
Amma Donga,Raj-Koti,"Romance
"
Ammoru,Sri,"Romance
"
Aunty,Ilaiyaraaja,"Romance
"
Ayanaku Iddaru,Raj-Koti,"Romance
"
Bhale Bullodu,Ilaiyaraaja,"Romance
"
Big Boss,Raj-Koti,"Romance
"
Chilakapachcha Kaapuram,Ilaiyaraaja,"Romance
"
Criminal,M. M. Keeravani,"Romance
"
Ghatotkachudu,S. V. Krishna Reddy,"Romance
"
Gharana Bullodu,M. M. Keeravani,"Romance
"
God Father,Ilaiyaraaja,"Romance
"
Ketu Duplicate,Raj-Koti,"Romance
"
Lingababu Love Story,Ilaiyaraaja,"Romance
"
Maato Pettukoku,Madhavapeddi Suresh,"Romance
"
Maya Bazaar,Ilaiyaraaja,"Romance
"
Money Money,K. Srinivas,"Romance
"
Mounam,Ilaiyaraaja,"Romance
"
Mummy Mee Aayanochadu,Ilaiyaraaja,"Romance
"
Nirantharam,Ilaiyaraaja,"Romance
"
Pedarayudu,Raj-Koti,"Romance
"
Pelli Sandadi,M. M. Keeravani,"Romance
"
Pokiri Raja,Ilaiyaraaja,"Romance
"
Punya Bhoomi Naa Desam,Ilaiyaraaja,"Romance
"
Raja Simham,Ilaiyaraaja,"Romance
"
Rikshavodu,Raj-Koti,"Romance
"
Sankalpam,Ilaiyaraaja,"Romance
"
Sisindri,Raj-Koti,"Romance
"
Sogasu Chuda Taramaa?,Bharathwaj,"Romance
"
Stri,Ilaiyaraaja,"Romance
"
Subha Sankalpam,M. M. Keeravani,"Romance
"
Subhamastu,Ilaiyaraaja,"Romance
"
Taj Mahal,M. M. Sreelekha,"Romance
"
Vajram,Ilaiyaraaja,"Romance
"
Adirindi Alludu,M. M. Keeravani,"Romance
"
Akka! Bagunnava?,Raj-Koti,"Romance
"
Akkada Ammayi Ikkada Abbayi,Raj-Koti,"Romance
"
Akkum Bakkum,Vidyasagar,"Romance
"
Amma Ammani Choodalanivundi,Vandemataram Srinivas,"Romance
"
Amma Durgamma,Somayajula Murthy,"Romance
"
Bala Ramayanam,Madhavapeddi Suresh,"Romance
"
Bombay Priyudu,M. M. Keeravani,"Romance
"
Chinnabbayi,Ilaiyaraaja,"Romance
"
Deyyam,"M. S. Viswanathan
","Romance
"
Dharma Chakram,M. M. Sreelekha,"Romance
"
Drohi,Deva,"Romance
"
Family,Ilaiyaraaja,"Romance
"
Gulabi,Shashi Pritam,"Romance
"
Gunshot,Ilaiyaraaja,"Romance
"
Intlo Illalu Vantintlo Priyuralu,Raj-Koti,"Romance
"
Jabilamma Pelli,M. M. Keeravani,"Romance
"
Ladies Doctor,Ilaiyaraaja,"Romance
"
Little Soldiers,Sri,"Romance
"
Maa Aavida Collector,Vandemataram Srinivas,"Romance
"
Maavichiguru,S. V. Krishna Reddy,"Romance
"
Merupu,Ramani Bharadwaja,"Romance
"
Mrugam,Raj-Koti,"Romance
"
Ninne Pelladata,Sandeep Chowta,"Romance
"
Ooha,Vidyasagar,"Romance
"
Pavitra Bandham,M. M. Keeravani,"Romance
"
Pittala Dora,Ramani Bharadwaja,"Romance
"
Rambantu,M. M. Keeravani,"Romance
"
Ramudochadu,Raj-Koti,"Romance
"
Rayudugaru Nayudugaru,M. M. Keeravani,"Romance
"
Sahasa Veerudu Sagara Kanya,M. M. Keeravani,"Romance
"
Sarada Bullodu,Raj-Koti,"Romance
"
Sri Krishnarjuna Vijayam,Madhavapeddi Suresh,"Romance
"
Srikaram,Ilaiyaraaja,"Romance
"
Vamsanikokkadu,Raj-Koti,"Romance
"
Vinodam,Ilaiyaraaja,"Romance
"
Aahvaanam,S. V. Krishna Reddy,"Romance
"
Aaro Pranam,K. Veeru,"Romance
"
Abbaigari Pelli,Raj-Koti,"Romance
"
Anaganaga Oka Roju,Sri,"Romance
"
Annamayya,M. M. Keeravani,"Romance
"
Chilakkottudu,Raj-Koti,"Romance
"
Chinnabbayi,Ilaiyaraaja,"Romance
"
Collector Garu,Raj-Koti,"Romance
"
Devudu,Sirpy,"Romance
"
Dongaata,Ramani Bharadwaja,"Romance
"
Egire Paavurama,S. V. Krishna Reddy,"Romance
"
Gokulamlo Seeta,Raj-Koti,"Romance
"
Hitler,Raj-Koti,"Romance
"
Jai Bajarangabhali,Raj-Koti,"Romance
"
Kurralla Rajyam,Vandemataram Srinivas,"Romance
"
Maa Nannaku Pelli,Raj-Koti,"Romance
"
Mama Bagunnava,Vidyasagar,"Romance
"
Master,Deva,"Romance
"
Muddula Mogudu,Raj-Koti,"Romance
"
Oka Chinna Maata,Ramani Bharadwaja,"Romance
"
Omkaram,Hamsalekha,"Romance
"
Osey Ramulamma,Vandemataram Srinivas,"Romance
"
Peddannayya,Raj-Koti,"Romance
"
Pelli,S. A. Rajkumar,"Romance
"
Pelli Chesukundam,Raj-Koti,"Romance
"
Pelli Pandiri,Vandemataram Srinivas,"Romance
"
Preminchukundam Raa,Mahesh Mahadevan,"Romance
"
Priya O Priya,Raj-Koti,"Romance
"
Priyaragalu,M. M. Keeravani,"Romance
"
Sindhooram,Sri Kommineni,"Romance
"
Subhakankshalu,S. A. Rajkumar,"Romance
"
Surya Putrulu,M. M. Keeravani,"Romance
"
Suswagatham,S. A. Rajkumar,"Romance
"
Taraka Ramudu,Raj-Koti,"Romance
"
Thaali,Vidyasagar,"Romance
"
Veedevadandi Babu,Sirpy,"Romance
"
Ugadi,S. V. Krishna Reddy,"Romance
"
Aahaa..!,Vandemataram Srinivas,"Romance
"
Aavida Maa Aavide,Sri,"Romance
"
Abhishekam,S. V. Krishna Reddy,"Romance
"
All Rounder,Veena Pani,"Romance
"
Andaru Herole,Vijay,"Romance
"
Antahpuram,Ilaiyaraaja,"Romance
"
Auto Driver,Deva,"Romance
"
Ayanagaru,Vidyasagar,"Romance
"
Bavagaru Bagunnara?,Mani Sharma,"Romance
"
Chandralekha,Sandeep Chowta,"Romance
"
Choodalani Vundi,Mani Sharma,"Romance
"
Daddy Daddy,Vandemataram Srinivas,"Romance
"
Deergha Sumangali Bhava,S. V. Krishna Reddy,"Romance
"
Ganesh,Mani Sharma,"Romance
"
Gillikajjalu,Raj-Koti,"Romance
"
Kante Koothurne Kanu,Vandemataram Srinivas,"Romance
"
Kanyadanam,Raj-Koti,"Romance
"
Love Story 1999,Deva,"Romance
"
Maavidaakulu,Raj-Koti,"Romance
"
Mee Aayana Jagratha,Ilaiyaraaja,"Romance
"
Navvulata,M. M. Sreelekha,"Romance
"
Nenu Premisthunnanu,Sirpy,"Romance
"
Ooyala,S. V. Krishna Reddy,"Romance
"
Pandaga,M. M. Keeravani,"Romance
"
Paradesi,M. M. Keeravani,"Romance
"
Pavitra Prema,Raj-Koti,"Romance
"
Pelli Kanuka,M. M. Keeravani,"Romance
"
Pelli Peetalu,S. V. Krishna Reddy,"Romance
"
Premante Idera,Ramani Bharadwaja,"Romance
"
Prema Pallaki,Krishna Neeraj,"Romance
"
Rana,Raj-Koti,"Romance
"
Raayudu,Raj-Koti,"Romance
"
Sivayya,Ilaiyaraaja,"Romance
"
Sri Sita Ramula Kalyanam Chootamu Raarandi,M. M. Keeravani,"Romance
"
Srimathi Vellostha,M. M. Keeravani,"Romance
"
Subhavartha,Raj-Koti,"Romance
"
Sultan,Raj-Koti,"Romance
"
Suprabhatam,Vandemataram Srinivas,"Romance
"
Suryavamsam,S. A. Rajkumar,"Romance
"
Suryudu,Ilaiyaraaja,"Romance
"
Tholi Prema,Deva,"Romance
"
Ulta Palta,M. M. Sreelekha,"Romance
"
W/o V. Vara Prasad,M. M. Keeravani,"Romance
"
Aavide Shyamala,Madhavapeddi Suresh,"Romance
"
Alludugaaru Vachcharu,M. M. Keeravani,"Romance
"
Ammo Polisollu,Ilaiyaraaja,"Romance
"
Anaganaga Oka Ammai,Mani Sharma,"Romance
"
Asala Sandadi,Ramani Bharadwaja,"Romance
"
Bobbili Vamsam,M. M. Sreelekha,"Romance
"
Chala Bagundi,Raj-Koti,"Romance
"
Chinni Chinni Aasa,Raj-Koti,"Romance
"
Devi,Devi Sri Prasad,"Romance
"
Dollar Dreams,Ilaiyaraaja,"Romance
"
English Pellam East Godavari Mogudu ,Mani Sharma,"Romance
"
Harischandraa,Agosh,"Romance
"
Hello Yama,Vandemataram Srinivas,"Romance
"
Iddaru Mitrulu,Mani Sharma,"Romance
"
Kaama,Adityan,"Romance
"
Krishna Babu,Raj-Koti,"Romance
"
Maa Balaji,Vandemataram Srinivas,"Romance
"
Manasichi Choodu,Mani Sharma,"Romance
"
Manasulo Maata,S. V. Krishna Reddy,"Romance
"
Manavudu Danavudu,S. A. Rajkumar,"Romance
"
Manikyam,S. A. Rajkumar,"Romance
"
Maya,Ilaiyaraaja,"Romance
"
Mechanic Mavayya,M. M. Keeravani,"Romance
"
Naa Hrudayamlo Nidurinche Cheli,Sri,"Romance
"
Nee Kosam,Pendyala Nageswara Rao,"Romance
"
Neti Gandhi,S. A. Rajkumar,"Romance
"
Panchadara Chilaka,S. A. Rajkumar,"Romance
"
Pilla Nachindi,Raj-Koti,"Romance
"
Pedda Manushulu,Eeshwar,"Romance
"
Prema Katha,Sandeep Chowta,"Romance
"
Premaku Velayera,S. V. Krishna Reddy,"Romance
"
Preminche Manasu,S. A. Rajkumar,"Romance
"
Preyasi Raave,M. M. Sreelekha,"Romance
"
Raja,S. A. Rajkumar,"Romance
"
Raja Kumarudu,Mani Sharma,"Romance
"
Rajasthan,Ilaiyaraaja,"Romance
"
Ramasakkanodu,Raj-Koti,"Romance
"
Ravoyi Chandamama,Mani Sharma,"Romance
"
Sambayya,Vandemataram Srinivas,"Romance
"
Samarasimha Reddy,Mani Sharma,"Romance
"
Samudram,Shashi Pritam,"Romance
"
Seenu,Mani Sharma,"Romance
"
Seetharama Raju,M. M. Keeravani,"Romance
"
Sneham Kosam,S. A. Rajkumar,"Romance
"
Speed Dancer,Ilaiyaraaja,"Romance
"
Sri Ramulayya,Vandemataram Srinivas,"Romance
"
Sultan,Raj-Koti,"Romance
"
Swapnalokam,Vandemataram Srinivas,"Romance
"
Swayamvaram,Vandemataram Srinivas,"Romance
"
Thammudu,Ramani Bharadwaja,"Romance
"
Telangana,Raj-Koti,"Romance
"
Veedu Samanyudu Kadhu,Vidyasagar,"Romance
"
Velugu Needalu,M. M. Sreelekha,"Romance
"
Vichitram,Raj-Koti,"Romance
"
Yamajathakudu,Vandemataram Srinivas,"Romance
"
Kalidas,M. M. Sreelekha,Biography
Bhakta Prahlada,M. M. Sreelekha,Devotional
Rama Paduka Pattabhishekam,M. M. Sreelekha,Devotional
Shakuntala,M. M. Sreelekha,Mythology
Chintamani,M. M. Sreelekha,Devotional
Prithvi Putra,M. M. Sreelekha,Devotional
Prajvala Alapana,M. M. Sreelekha,"Romance
"
Ramadasu,M. M. Sreelekha,Devotional
Sati Savitri,M. M. Sreelekha,Devotional
"Sathi Savitri
",M. M. Sreelekha,Devotional
Athulya Sahavasam,M. M. Sreelekha,"Romance
"
Ahalya,M. M. Sreelekha,"Romance
"
Lava Kusa,M. M. Sreelekha,Devotional
Sita Kalyanam,M. M. Sreelekha,Devotional
Bhakta Kuchela,M. M. Sreelekha,Devotional
Harishchandra,M. M. Sreelekha,Devotional
Sati Anasuya,M. M. Sreelekha,Devotional
Sati Sakkubai,M. M. Sreelekha,Devotional
Sri Krishna Leelalu,M. M. Sreelekha,"Romance
"
Sri Krishna Tulabharam,M. M. Sreelekha,Devotional
Rani Premalata,M. M. Sreelekha,"Romance
"
Dhruva (Also Known as Dhruva Vijayamu),M. M. Sreelekha,Mythology
Draupadi Maanasamrakshana,M. M. Sreelekha,Mythology
Draupadi Vastrapaharanam,M. M. Sreelekha,Mythology
Kabir,M. M. Sreelekha,"Romance
"
Lanka Dahanam,M. M. Sreelekha,Mythology
Mayabazar (Also Known as Sasirekha Parinayam),M. M. Sreelekha,Mythology
Premavijayam,M. M. Sreelekha,"Romance
"
Premilarjuneyam,M. M. Sreelekha,"Romance
"
Sampoorna Ramayanam,M. M. Sreelekha,Devotional
Sati Tulasi,M. M. Sreelekha,Mythology
Sulochana,M. M. Sreelekha,"Romance
"
Veerabhimanyu,M. M. Sreelekha,Mythology
Balayogini,M. M. Sreelekha,Drama
Dasavataramulu,M. M. Sreelekha,Mythology
Kanakatara,M. M. Sreelekha,"Romance
"
Mohini Rukmangada,M. M. Sreelekha,Mythology
Nara Narayana,M. M. Sreelekha,Devotional
Rukmini Kalyanam,M. M. Sreelekha,Devotional
Sarangadhara,M. M. Sreelekha,Devotional
Vijayadashami,M. M. Sreelekha,"Romance
"
Vipra Narayana,M. M. Sreelekha,Devotional
Bhakta Jayadeva,M. M. Sreelekha,Devotional
Bhakta Markandeya,M. M. Sreelekha,Devotional
Chal Mohana Ranga,M. M. Sreelekha,Drama
Chitranaleeyam,M. M. Sreelekha,Mythology
Gruhalakshmi,M. M. Sreelekha,Drama
Gulebakavali,M. M. Sreelekha,Fantasy
Kacha Devayani,M. M. Sreelekha,Mythology
Kasula Peru,M. M. Sreelekha,Drama
Krishna Jarasandha,M. M. Sreelekha,Mythology
Mala Pilla,M. M. Sreelekha,Social
Mohini Basmasura,M. M. Sreelekha,Devotional
Narada Samsaram,M. M. Sreelekha,"Romance
"
Satyanarayana Vratam,M. M. Sreelekha,Drama
Thukaram,M. M. Sreelekha,Drama
Amma,M. M. Sreelekha,"Romance
"
Jayaprada,M. M. Sreelekha,Devotional
Mahananda,M. M. Sreelekha,Devotional
Malli Pelli,M. M. Sreelekha,Social
Panduranga Vittal,M. M. Sreelekha,Devotional
Pasupathastram,M. M. Sreelekha,Devotional
Mathru Bhoomi,M. M. Sreelekha,Drama
Radha Krishna,M. M. Sreelekha,"Romance
"
Raithu Bidda,M. M. Sreelekha,Social
"Sri Venkateswara Mahatyam (Also Known as ""Balaji"")",M. M. Sreelekha,Devotional
Vande Mataram,M. M. Sreelekha,Social
Vara Vikrayam,M. M. Sreelekha,Social
Aada Janma,S. Dakshinamurthi,Drama
Aakasa Raju,Ilaiyaraaja,Devotional
Agni Pareeksha,Gali Penchala Narasimha Rao,Social
Chandravanka,Nalam Nageswara Rao,Folklore
Deeksha,Pendyala Nageswara Rao,Social
Jeevitha Nouka,V. Dakshinamoorthy,Social
Malliswari,S. Rajeswara Rao,Folklore
Mangala,M. D. Parthasarathy,Folklore
Mantra Dandam,Nalam Nageswara Rao,Fantasy
Marmayogi,S. M. Subbaiah Naidu,Action
Maya Pilla,S. Rajeswara Rao,Folklore
Mayalamari,P. Adinarayana Rao,Fantasy
Nirdoshi,Ghantasala,Drama
Pelli Kuthuru,C. R. Subbaraman,Social
Penkipilla,"P. R. Moni
",Drama
Perantalu,B. Rajinikanta Rao,Drama
Rupavathi,C. R. Subbaraman,Folklore
Sarvadikari,S. Dakshinamurthi,Action
Soudamini,S. V. Venkatraman,Adventure
Stree Sahasam,C. R. Subbaraman,Fantasy
Tilottama,P. Adinarayana Rao,Adventure
Aadarsham,"Ashwathama
",Social
Aakali,"P. S. Diwakar
",Social
Athinti Kapuram,S. Dakshinamurthi,Drama
Chinna Kodalu,"Ashwathama
",Social
Chinnamma Katha,"Veluri Krishna Murthy
",Social
Daasi,C. R. Subbaraman,Drama
Dharma Devatha,C. R. Subbaraman,Drama
Kanchana,S. M. Subbaiah Naidu,Social
Manavathi,B. Rajinikanta Rao,Devotional
Maradalu Pelli,V. Nagaiah,Drama
Mugguru Kodukulu,"P. S. Anantharaman, ",Social
Palletooru,Ghantasala,Social
Peda Raithu,"H. R. Padmanabha Sastry
",Drama
Pelli Chesi Choodu,Ghantasala,Social
Praja Seva,"M. B. Walke
",Drama
Prema,C. R. Subbaraman,Drama
Priyuralu,S. Rajeswara Rao,Drama
Rajeswari,Ogirala Ramachandra Rao,Folklore
Sahasam,"M. B. Walke
",Folklore
Sankranti,"Ashwathama
",Drama
Santhi,C. R. Subbaraman,Drama
Savati Poru,S. Dakshinamurthi,"Epic
"
Singari,S. V. Venkatraman,Drama
Suvarna Mala,Ilaiyaraaja,Drama
Tingu Ranga,T. V. Raju,Drama
Apeksha,T. R. Pappa,Drama
Amarakavi,G. Ramanathan,Folklore
Ammalakkalu,G. Ramanathan,Social
Bratuku Teruvu,Ilaiyaraaja,Drama
Chivaruku Miguledhi Emi Unadhi,C. R. Subbaraman,Drama
Kitukendo Cheppave Chalaki Bullemma,C. R. Subbaraman,Folklore
Devadasu,C. R. Subbaraman,"Romance
"
Gumastha,G. Ramanathan,Social
Inspector,G. Ramanathan,Drama
Jaganmohini,"P. Shyamanna
",Fantasy
Kanna Talli,Pendyala Nageswara Rao,Drama
Kodarikam,C. N. Pandurangan,Drama
Lakshmi,M. D. Parthasarathy,Drama
Manjari,"H. R. Padmanabha Sastry
",Folklore
Naa Chellelu,C. N. Pandurangan,Social
Naa Illu,V. Nagaiah,Drama
Okka Talli Pillalu,S. M. Subbaiah Naidu,Drama
Pakka Inti Ammayi,"Ashwathama
",Comedy
Paradesi,P. Adinarayana Rao,Drama
Paropakaram,Ghantasala,Drama
Pempudu Koduku,S. Rajeswara Rao,Drama
Pichi Pullayya,T. V. Raju,Social
Prapancham,"M. S. Gnanamani
",Drama
Pratigna ,"T. A. Kalyanam
",Drama
Prema Lekhalu,Shashi Pritam,"Romance
"
Puttillu,T. Chalapathi Rao,Drama
Rohini,G. Ramanathan,Drama
Thandri,"P. S. Diwakar
",Social
Vayyari Bhama,S. Rajeswara Rao,Adventure
Achintya Apeksha Ratnavali,S. M. Subbaiah Naidu,Action
Aggi Ramudu,Ilaiyaraaja,Social
Amara Sandhesam,K. Prasad Rao,Musical
Annadata,P. Adinarayana Rao,Drama
Anta Manavalle,Master Venu,Drama
Baalanandam,Pendyala Nageswara Rao,Drama
Bangaru Bhoomi,Thurayur Rajgopal Sarma,Drama
Chakrapani,P. Bhanumathi,Comedy
Chandraharam,Ghantasala,Folklore
Iddaru Pellalu,T. R. Pappa,Drama
Jatakaphalam,R. Sudarsanam,Comedy
Jyothi,Pendyala Nageswara Rao,Drama
Kalahasti Mahatyam,R. Sudarsanam,Mythology
Maa Gopi,"M. S. Viswanathan
",Drama
Manohara,S. V. Venkatraman,Folklore
Menarikam,Pendyala Nageswara Rao,Drama
Nirupedalu,T. V. Raju,Drama
Palle Paduchu,"M. S. Ramarao
",Drama
Parivartana,T. Chalapathi Rao,Drama
Peddamanushulu,Ogirala Ramachandra Rao,Social
Praja Rajyam,"M. S. Viswanathan
",Social
Raji Na Pranam,S. Hanumantha Rao,"Romance
"
Raju Peda,S. Rajeswara Rao,Folklore
Raja Guruvu,K. N. Dandayudhapani Pillai,Folklore
Rechukka,"Ashwathama
",Action
Sangham,R. Sudarsanam,"Romance
"
Sati Sakkubai,Ogirala Ramachandra Rao,Comedy
Todu Dongalu,T. V. Raju,Social
Vaddante Dabbu,"T. A. Kalyanam
",Comedy
Vipra Narayana,S. Rajeswara Rao,Devotional
Batasari,Master Venu,"Romance
"
Bava Maradallu,Pendyala Nageswara Rao,"Romance
"
Bhakta Jayadeva,S. Rajeswara Rao,Biography
Bharya Bhartalu,S. Rajeswara Rao,Drama
Bikari Ramudu,B. Gopalam,Folklore
Evaru Donga,K. V. Mahadevan,Drama
Gullo Pelli,Ilaiyaraaja,Drama
Iddaru Mitrulu,S. Rajeswara Rao,Drama
Indrajeet (Sati Sulochana),Ilaiyaraaja,"Romance
"
Intiki Deepam Illale,"M. S. Viswanathan
",Drama
Jagadeka Veeruni Katha,Pendyala Nageswara Rao,Folklore
Jebu Donga,S. M. Subbaiah Naidu,Drama
Kalasi Vunte Kaladu Sukham,Master Venu,Drama
Kanna Koduku,S. P. Kodandapani,Drama
Kannyaka Parameswari Mahatmyam,R. Sudarsanam,"Romance
"
Korada Veerudu,G. Ramanathan,Fantasy
Krishna Kuchela,Brother Lakshmanan,Mythology
Krishna Prema,Pendyala Nageswara Rao,Devotional
Pelli Kaani Pillalu,Master Venu,Drama
Pendli Pilupu,K. Prasad Rao,Drama
Rushyasrunga,T. V. Raju,Folklore
Sabhash Raja,Ghantasala,Drama
Santha,Ilaiyaraaja,"Romance
"
Sati Sulochana,T. V. Raju,Historical
Seetharama Kalyanam,Gali Penchala Narasimha Rao,Historical
Shanta,Ilaiyaraaja,Drama
Taxi Ramudu,T. V. Raju,Drama
Thandrulu Kodukulu,T. Chalapathi Rao,Drama
Usha Parinayam,S. Hanumantha Rao,Devotional
Vagdanam,Pendyala Nageswara Rao,Drama
Varalakshmi Vratham,Rajan-Nagendra,Devotional
Velugu Needalu,Ilaiyaraaja,Drama
Aathma Balam,Ilaiyaraaja,Drama
Amara Shilpi Jakkanna,Ilaiyaraaja,Biography
Babruvahana,Ilaiyaraaja,Mythology
Bangaru Thimmaraju,Ilaiyaraaja,"Romance
"
Bobbili Yuddham,Ilaiyaraaja,Historical
Dagudu Moothalu,Ilaiyaraaja,Comedy
Desa Drohulu,Ilaiyaraaja,Drama
Doctor Chakravarty,Ilaiyaraaja,Drama
Kalavari Kodalu,Ilaiyaraaja,"Romance
"
Manchi Manishi,Ilaiyaraaja,Drama
Marmayogi,Ilaiyaraaja,"Romance
"
Mooga Manasulu,Ilaiyaraaja,"Romance
"
Murali Krishna,Ilaiyaraaja,Drama
Pativrata,Ilaiyaraaja,"Romance
"
Pooja Phalam,Ilaiyaraaja,Drama
Peetala Meeda Pelli,Ilaiyaraaja,Drama
Ramadasu,Ilaiyaraaja,"Romance
"
Ramudu Bheemudu,Ilaiyaraaja,Drama
Sabhash Suri,Ilaiyaraaja,"Romance
"
Sri Satyanarayana Mahathyam,Ilaiyaraaja,"Romance
"
Sri Tirupatamma Katha,Ilaiyaraaja,"Romance
"
Vaarasatwam,Ilaiyaraaja,"Romance
"
Vivaha Bandham,Ilaiyaraaja,Drama
Aadavaallu Meeku Joharlu,Ilaiyaraaja,"Romance
"
Aakali Rajyam,Ilaiyaraaja,"Romance
"
Addala Meda,Ilaiyaraaja,"Romance
"
Aggi Ravva,Ilaiyaraaja,"Romance
"
Agni Poolu,Ilaiyaraaja,"Romance
"
Alludugaru Zindabad,Ilaiyaraaja,"Romance
"
Amavasya Chandrudu,Ilaiyaraaja,"Romance
"
Antham Kadidi Aarambam,Ilaiyaraaja,"Romance
"
Asha Jyoti,Ilaiyaraaja,"Romance
"
Babulugaadi Debba,Ilaiyaraaja,Action
Bala Nagamma,Ilaiyaraaja,"Romance
"
Bhoga Bhagyalu,Ilaiyaraaja,"Romance
"
Bhogimanthulu,Ilaiyaraaja,"Romance
"
Chattaniki Kallu Levu,Ilaiyaraaja,"Romance
"
Chinnaari Chittibaau,Ilaiyaraaja,"Romance
"
Dabbu Dabbu Dabbu,Ilaiyaraaja,"Romance
"
Devudu Mamayya,Ilaiyaraaja,"Romance
"
Guru Sishyulu,Ilaiyaraaja,"Romance
"
Illalu,Ilaiyaraaja,"Romance
"
Jeevitha Ratham,Ilaiyaraaja,"Romance
"
Kirayi Rowdylu,Ilaiyaraaja,"Romance
"
Kondaveeti Simham,Ilaiyaraaja,"Romance
"
Maha Purushudu,Ilaiyaraaja,"Romance
"
Mudda Mandaram,Ilaiyaraaja,"Romance
"
Nyayam Kavali,Ilaiyaraaja,"Romance
"
O Amma Katha,Ilaiyaraaja,"Romance
"
Oorukichchina Maata,Ilaiyaraaja,"Romance
"
Ooruki Monagadu,Ilaiyaraaja,"Romance
"
Pakkinti Ammayi,Ilaiyaraaja,Comedy
Parvathi Parameswarulu,Ilaiyaraaja,"Romance
"
Patalam Pandu,Ilaiyaraaja,"Romance
"
Prema Mandiram,Ilaiyaraaja,"Romance
"
Prema Natakam,Ilaiyaraaja,"Romance
"
Prema Pichchi,Ilaiyaraaja,"Romance
"
Prema Simhasanam,Ilaiyaraaja,"Romance
"
Premabhishekam,Ilaiyaraaja,"Romance
"
Priya,Ilaiyaraaja,"Romance
"
Puli Bidda,Ilaiyaraaja,"Romance
"
Radha Kalyanam,Ilaiyaraaja,"Romance
"
Ragile Jwala,Ilaiyaraaja,"Romance
"
Amavasya Chandrudu,Ilaiyaraaja,"Romance
"
Rani Kasula Rangamma,Ilaiyaraaja,"Romance
"
Sandhya Ragam,Ilaiyaraaja,"Romance
"
Saptapadi,Ilaiyaraaja,"Romance
"
Satyabhama,Ilaiyaraaja,"Romance
"
Satyam Shivam,Ilaiyaraaja,"Romance
"
Seethakoka Chilaka,Ilaiyaraaja,"Romance
"
Siddhalingeshwara Mahima,Ilaiyaraaja,"Romance
"
Srirasthu Subhamasthu,Ilaiyaraaja,"Romance
"
Swapna,Ilaiyaraaja,"Romance
"
Taxi Driver,Ilaiyaraaja,"Romance
"
Tirugu Leni Manishi,Ilaiyaraaja,"Romance
"
Todu Dongalu,Ilaiyaraaja,"Romance
"
Tyagayya,Ilaiyaraaja,"Romance
"
Viswaroopam,Ilaiyaraaja,"Romance
"
Pranaya Geetham,Ilaiyaraaja,"Romance
"
Gaja Donga,Ilaiyaraaja,"Romance
"
Prema Kanuka,Ilaiyaraaja,"Romance
"
Srivari Muchatlu,Ilaiyaraaja,"Romance
"
Bhakta Tulasidas,B. Narasimha Rao,Biography
Griha Pravesam,Nalini Kanta Rao,Drama
Mangalasutram,P. Muniswamy,Drama
Mugguru Maratilu,Ogirala Ramachandra Rao,Historical
Narada Naradhi,Susarla Dakshinamurthi,Mythology
Returning Soldier,Ilaiyaraaja,"Romance
"
Sethu Bandhanam,Susarla Dakshinamurthi,"Epic
"
Tyagayya,Chittor V. Nagaiah,Biography
Vanarani,Ilaiyaraaja,Folklore
Brahma Ratham,"T. A. Motibabu
",Mythology
Gollabhama,S. B. Dinakara Rao,Folklore
Palnati Yuddham,Gali Penchala Narasimha Rao,Historical
Radhika,S. Hanumantha Rao,Mythology
Varudhini,"K. Bhujanga Rao
",Mythology
Yogi Vemana,Chittor V. Nagaiah,Biography
Balaraju,Gali Penchala Narasimha Rao,Folklore
Bhakta Sriyala,"Subrahmanya Devara
",Devotional
Drohi,Pendyala Nageswara Rao,Drama
Geetanjali,"K. Prakasa Rao
",Drama
Madalasa,S. Hanumantha Rao,Mythology
Ratnamala,C. R. Subbaraman,"Romance
"
Suvarnamala,Addepalli Rama Rao,Drama
Vindhyarani,S. Rajeswara Rao,Mythology
Abhisyanta Kalapam,Ilaiyaraaja,"Romance
"
Apna Desh,Pendyala Nageswara Rao,Social
Dharmangadha,Gali Penchala Narasimha Rao,Drama
Gunasundari Katha,Addepalli Rama Rao,Folklore
Keelu Gurram,Ghantasala,Folklore
Laila Majnu,C. R. Subbaraman,"Romance
"
Mana Desam,Ghantasala,Social
Raksha Rekha,Ogirala Ramachandra Rao,Folklore
Aahuti,S. Rajeswara Rao,Drama
Adhrusta Deepudu,Addepalli Rama Rao,Drama
Apoorva Sahodarulu,S. Rajeswara Rao,Action
Beedala Patlu,S. M. Subbaiah Naidu,Social
Jeevitham,R. Sudarsanam,Drama
Lakshmamma,Ghantasala,Folklore
Maaya Rambha,Ogirala Ramachandra Rao,Folklore
Modhati Rathri,Pendyala Nageswara Rao,Drama
Palletoori Pilla,P. Adinarayana Rao,Folklore
Paramanandayya Sishyulu,Ogirala Ramachandra Rao,Comedy
Raja Vikrama,Vandemataram Srinivas,Folklore
Shavukaru,Ghantasala,Social
Samsaram,Susarla Dakshinamurthi,Social
Sri Lakshmamma Katha,C. R. Subbaraman,Folklore
Sri Saibaba,"Mallik & B. Gopalam
",Devotional
Swapna Sundari,C. R. Subbaraman,Fantasy
Thirugubatu,"Bhimavarapu Narasimha Rao
",Social
Vaali – Sugreeva,S. Rajeswara Rao,Devotional
Anantha Ragalu,"Sivaji Raaja
",Comedy
Andagaadu,Ilaiyaraaja,"Romance
"
Amara Geetham,Ilaiyaraaja,"Romance
"
Anuraga Devatha,Chakravarthy,"Romance
"
Aththaku Thagga Allullu,J. V. Raghavulu,Comedy
Bandhalu Anubandhalu,K. V. Mahadevan,Drama
Bangaru Bhoomi,J. V. Raghavulu,"Romance
"
Bangaru Kanuka,Ilaiyaraaja,"Romance
"
Bangaru Koduku,Ilaiyaraaja,"Romance
"
Bhakta Dhruvamarkandeya,S. Rajeswara Rao,Devotional
Bhakta Gnanadeva,"G. K. Venkatesh
",Devotional
Bhale Kapuram,Ilaiyaraaja,"Romance
"
Billa-Ranga,Ilaiyaraaja,"Romance
"
Bobbili Puli,Ilaiyaraaja,Mythology
Cancer-Sukhavyadhulu,"Syam
",Musical
Chalaki Chellamma,Ilaiyaraaja,"Romance
"
Chandamama,Ilaiyaraaja,"Romance
"
Chattamtho Chelagatam,"Shankar Ganesh
",Crime Story
Chilipi Chinnodu,Ilaiyaraaja,"Romance
"
Chilipi Vayasu,"Shankar Ganesh
","Romance
"
Devatha,Chakravarthy,"Romance
"
Dharma Vaddi,Pendyala Nageswara Rao,"Romance
"
Doctor Cine Actor,Ilaiyaraaja,"Romance
"
Doctor Malathi,Ilaiyaraaja,"Romance
"
Dongalosthunnaru Jagratta,Ilaiyaraaja,"Romance
"
Edhi Dharmam Edhi Nyayam,Ilaiyaraaja,"Romance
"
Ee Charithra Ye Siratho,"Sivaji Raaja
","Romance
"
Ee Kaalam Katha,Ilaiyaraaja,"Romance
"
Eenadu,Ilaiyaraaja,"Romance
"
Eeswara Kataksham,Ilaiyaraaja,Devotional
Ekalavya,Ilaiyaraaja,"Romance
"
Emandoyi Srimathigaru,Ilaiyaraaja,"Romance
"
Entha Gaatu Premayo,Ilaiyaraaja,"Romance
"
Evandoy Srimathi Garu,Krishna Neeraj,"Romance
"
Garuda Rekha,Satyam,"Romance
"
Golkonda Abbulu,K. V. Mahadevan,"Romance
"
Gopala Krishnudu,Ilaiyaraaja,"Romance
"
Grama Kakshalu,Ilaiyaraaja,"Romance
"
Gruha Pravesam,Ilaiyaraaja,"Romance
"
Hanthakulaku Saval,Ilaiyaraaja,"Romance
"
Himabindu,Ilaiyaraaja,"Romance
"
Iddaru Kodukulu,Ilaiyaraaja,"Romance
"
Idi Pellantara,Ilaiyaraaja,"Romance
"
Illali Korikalu,Chakravarthy,"Romance
"
Illanta Sandadi,Krishna Neeraj,"Romance
"
Intlo Ramayya Veedhilo Krishnayya,Ilaiyaraaja,"Romance
"
Jagannadha Rathachakralu,Ilaiyaraaja,"Romance
"
Jaggu,Ilaiyaraaja,"Romance
"
Jai Mahakali,"A. A. Raj
",Devotional
Jai Santhoshi Matha,"C. Arjun & A. A. Raj
",Devotional
Jayamalini,"Shankar Ganesh
","Romance
"
Jayasudha,Ramesh Naidu,"Romance
"
Justice Chowdary,Ilaiyaraaja,"Romance
"
Kadali Vachina Kanaka Durga,Satyam,"Romance
"
Kalahala Kapuram,Ilaiyaraaja,"Romance
"
Kalavari Samsaram,K. V. Mahadevan,Drama
Kaliyuga Ramudu,Ilaiyaraaja,Action
Kayyala Ammayi Kalavari Abbayi,Krishna Neeraj,"Romance
"
Korukunna Mogudu,Satyam,Family
Kotha Neeru,Ramesh Naidu,"Romance
"
Krishnarjunulu,Ilaiyaraaja,"Romance
"
Krishnavataram,K. V. Mahadevan,"Romance
"
Madhura Swapnam,Satyam,"Romance
"
Mahanati,M. Ranga Rao,"Romance
"
Mahaprasthanam,Chakravarthy,"Romance
"
Malle Pandhiri,Ilaiyaraaja,"Romance
"
Manchu Pallaki,Rajan-Nagendra,"Romance
"
Mantralaya Raghavendra Vaibhavam,Ilaiyaraaja,"Romance
"
Maro Malupu,Ilaiyaraaja,Social
Meghasandesam,Ilaiyaraaja,Drama
Mettela Savvadi,Ilaiyaraaja,"Romance
"
Mondi Ghatam,Satyam,"Romance
"
Musalodiki Dasara Panduga,Ilaiyaraaja,"Romance
"
Naa Desam,Chakravarthy,"Romance
"
Naa Pere Johnny,Ilaiyaraaja,"Romance
"
Nalugu Sthambalata,Ilaiyaraaja,Drama
Neethi Devan Mayakkam,Ilaiyaraaja,"Romance
"
Nipputo Chelagaatam,Ilaiyaraaja,"Romance
"
Nireekshana,Ilaiyaraaja,"Romance
"
Nivuru Gappina Nippu,Ilaiyaraaja,"Romance
"
O Adadhi O Magadu,"M. S. Viswanathan
","Romance
"
Pagabattina Bebbuli,Satyam,"Romance
"
Pagabattina Simham,Satyam,"Romance
"
Palletoori Simham,Ilaiyaraaja,"Romance
"
Propakari Papanna,S. Hanumantha Rao,"Romance
"
Patnam Mogudu Palletoori Pellam,Shashi Pritam,"Romance
"
Patnam Vachina Pativrathalu,Ilaiyaraaja,"Romance
"
Pelleedu Pillalu,"M. S. Viswanathan
","Romance
"
Pellilla Perayya,J. V. Raghavulu,Comedy
Poola Pallaki,Ilaiyaraaja,"Romance
"
Pralaya Rudrudu,Chakravarthy,"Romance
"
Prathikaram,Ilaiyaraaja,"Romance
"
Pratigya,Ilaiyaraaja,"Romance
"
Prema Murthulu,Ilaiyaraaja,"Romance
"
Prema Nakshatram,Ilaiyaraaja,"Romance
"
Prema Sankellu,Ilaiyaraaja,"Romance
"
Premaku Padhabhishekam,Vijaya T. Rajendar,"Romance
"
Punyabhumi Kallu Terichindhi,Ilaiyaraaja,"Epic
"
Purandara Dasu,Pendyala Nageswara Rao,"Romance
"
Raaga Deepam,Chakravarthy,"Romance
"
Radha My Darling,Ilaiyaraaja,"Romance
"
Radhamma Mogudu,Ilaiyaraaja,"Romance
"
Rangoon Raja,Ilaiyaraaja,"Romance
"
Savaal,Satyam,"Romance
"
Savitri,"M. S. Viswanathan
","Romance
"
Shamsher Shanker,Satyam,"Romance
"
Sitadevi,Ilaiyaraaja,"Romance
"
Sri Lakshmi Nilayam,Ilaiyaraaja,"Romance
"
Subbarao Ki Kopam Vachhindi,Satyam,"Romance
"
Subhalekha,Ilaiyaraaja,"Romance
"
Swayamvaram,Ilaiyaraaja,"Romance
"
Telugunadu,Ilaiyaraaja,"Romance
"
Talli Kodukula Anubandham,Ilaiyaraaja,"Romance
"
Tharangini,J. V. Raghavulu,"Romance
"
Tingu Rangadu,Chakravarthy,"Romance
"
Trisulam,Ilaiyaraaja,Drama
Vamsha Gowravam,Ilaiyaraaja,"Romance
"
Vasantha Kokila,Ilaiyaraaja,"Romance
"
Vayyari Bhamalu Vagalamari Bhartalu,Rajan-Nagendra,"Romance
"
Vijaya Bheri,Ilaiyaraaja,"Romance
"
Viplava Shankam,Ilaiyaraaja,"Romance
"
Yama Kinkarudu,"Chandrasekar
",Action
Yuvraj,Ilaiyaraaja,"Romance
"
Aalaya Sikharam,Chakravarthy,"Romance
"
Adavalle Aligithe,Krishna Neeraj,Social
Abhilasha,Ilaiyaraaja,"Romance
"
Adadhi Aata Bommaa!,"Gopalakrishna
","Romance
"
Adavi Simhalu,Chakravarthy,"Romance
"
Agni Jwala,Satyam,"Romance
"
Agni Samadhi,Satyam,"Romance
"
Akka Mogudu Chelleli Kapuram,Chakravarthy,"Romance
"
Amarajeevi,Chakravarthy,"Romance
"
Amayakudu Kadhu Asadhyudu,Satyam,"Romance
"
Amayaka Chakravarthy,Krishna Neeraj,"Romance
"
Andhra Kesari,Satyam,"Romance
"
Antham Chusina Adadhi,Ilaiyaraaja,"Romance
"
Apadhbandhavulu,Ilaiyaraaja,"Romance
"
Bahudoorapu Batasari,Ramesh Naidu,"Romance
"
Balidaanam,Chakravarthy,"Romance
"
Bandhipotu Rudramma,Satyam,"Romance
"
Bezawada Bebbuli,Chakravarthy,"Romance
"
Bhairava Kona,Ilaiyaraaja,"Romance
"
Bhama Rukmini,"M. S. Viswanathan
","Romance
"
Bharathamma Muddu Biddalu,"K. S. Murthy
","Romance
"
Bharya Bharthala Sawal,Raj-Koti,"Romance
"
C I D Simham,Satyam,"Romance
"
Challenge Vetagallu,Ilaiyaraaja,"Romance
"
Chanda Sasanudu,Ilaiyaraaja,"Romance
"
Chandi Chamundi,Satyam,"Romance
"
Chandi Rani,Raj-Koti,"Romance
"
Chattam,Gangai Amaran,"Romance
"
Chattaniki Sawal,Shashi Pritam,"Romance
"
Chattaniki Veyi Kallu,Chakravarthy,"Romance
"
Chilaka Josyam,Ilaiyaraaja,"Romance
"
Darling Darling Darling,Sankar Ganesh,"Romance
"
Debbaku Debba,Ilaiyaraaja,"Romance
"
Desanikokkadu,Ilaiyaraaja,"Romance
"
Devi Kanaykumari,"Devarajan
",Devotional
Devi Moogambika,Ilaiyaraaja,Devotional
Devi Sridevi,Chakravarthy,"Romance
"
Dharma Poratam,Satyam,"Romance
"
Dharmaatmudu,Satyam,"Romance
"
Digivachina Devudu,"G. K. Venkatesh
","Romance
"
Doctor Gari Kodalu,Ilaiyaraaja,"Romance
"
Durga Devi,J. V. Raghavulu,"Romance
"
Ee Desamlo Oka Roju,Chakravarthy,"Romance
"
Ee Pillaku Pellavuthunda,Chakravarthy,"Romance
"
Eeswarudu Seneswarudu,"M. S. Viswanathan
","Romance
"
Gaanam,Susarla Dakshinamurthi,"Romance
"
Gaju Bommalu,Ramesh Naidu,"Romance
"
Grahanam Vidichindi,Ramesh Naidu,"Romance
"
Gudachari No.1,Chakravarthy,"Romance
"
Iddaru Kiladeelu,"Joy
","Romance
"
Idhi Kadhu Mugimpu,"Sivaji Raaja
","Romance
"
Ikanaina Marandi,Satyam,"Romance
"
Intalludu,Ilaiyaraaja,"Romance
"
Kasi Yatra,Ilaiyaraaja,"Romance
"
Kaksha Sadistha,Ilaiyaraaja,"Romance
"
Kala Yamudu,J. V. Raghavulu,"Romance
"
Kaliyuga Dhaivam,Satyam,"Romance
"
Kalyana Veena,Satyam,"Romance
"
Kanne Donga,Ilaiyaraaja,"Romance
"
Kanthaiyya Kanakaiyya,Ilaiyaraaja,"Romance
"
Keerthi Kantha Kanakam,Ilaiyaraaja,"Romance
"
Khaidi,Chakravarthy,"Romance
"
Kirayi Bommalu,Pendyala Nageswara Rao,"Romance
"
Kirayi Kotigadu,Chakravarthy,"Romance
"
Kirayi Rangadu,Shashi Pritam,"Romance
"
Kodalu Kaavaali,Satyam,"Romance
"
Kokilamma,"M. S. Viswanathan
","Romance
"
Konte Kodallu,Chakravarthy,"Romance
"
Koti Kokkadu,Rajan-Nagendra,"Romance
"
Kunkuma Tilakam,Satyam,"Romance
"
Lanke Bindelu,Rajan-Nagendra,"Romance
"
M.L.A. Yedukondalu,Chakravarthy,"Romance
"
Maa Intaina Katha,Rajan-Nagendra,"Romance
"
Maa Inti Premayanam,J. V. Raghavulu,"Romance
"
Maa Intiki Randi,J. V. Raghavulu,"Romance
"
Maga Maharaju,Chakravarthy,"Romance
"
Magallako Namaskaram,Ilaiyaraaja,"Romance
"
Maharani,"Shankar Ganesh
","Romance
"
Manavulara Manninchandi,Ilaiyaraaja,"Romance
"
Manishiki Maro Peru,K. V. Mahadevan,"Romance
"
Manishiko Chartira,Chakravarthy,"Romance
"
Mantri Gari Viyyankudu,Ilaiyaraaja,"Romance
"
Maro Maya Bazaar,Satyam,"Romance
"
Mayagadu,Chakravarthy,"Romance
"
Monagadu Vastunnadu Jagratha,Satyam,"Romance
"
Moodu Mullu,Rajan-Nagendra,"Romance
"
Moogavadi Paga,Satyam,"Romance
"
Muddula Mogudu,S. Rajeswara Rao,"Romance
"
Muggurammayila Mogudu,Chakravarthy,Comedy
Mugguru Monagallu,Chakravarthy,"Romance
"
Mundadugu,Chakravarthy,Social
Navodayam,Chakravarthy,"Romance
"
Nelavanka,Ilaiyaraaja,"Romance
"
Neti Bharatam,Chakravarthy,"Romance
"
Nijam Chebithe Nerama,"M. S. Viswanathan
","Romance
"
Oorantha Sankranthi,Ilaiyaraaja,"Romance
"
Padmavathi Kalyanam,Ilaiyaraaja,"Romance
"
Palleturi Monagadu,Chakravarthy,"Romance
"
Palleturi Pidugu,Satyam,"Romance
"
Pandanti Kapuraniki 12 Suthralu,Satyam,"Romance
"
Patnam Vachhina Pasipapa,Ilaiyaraaja,"Romance
"
Pelli Chesi Choopistham,Rajan-Nagendra,"Romance
"
Pelli Choopulu,K. V. Mahadevan,"Romance
"
Penki Ghatam,Shashi Pritam,"Romance
"
Pichi Pantuulu,Chakravarthy,Comedy
Pidugu lanti Manishi,"M. S. Viswanathan
","Romance
"
Police Police,"M. S. Viswanathan
","Romance
"
Police Venkataswamy,J. V. Raghavulu,"Romance
"
Poratam,Chakravarthy,"Romance
"
Praja Rajyam,J. V. Raghavulu,"Romance
"
Praja Shakthi,Chakravarthy,"Romance
"
Pralaya Gharjana,Raj-Koti,"Romance
"
Prema Jwala,Chakravarthy,"Romance
"
Prema Pichollu,Chakravarthy,"Romance
"
Prema Sagaram,T. Rajendar,"Romance
"
Prema Vijayam,"S. S Prakash
","Romance
"
Puli Bebbuli,Rajan-Nagendra,"Romance
"
Puli Debba,Satyam,"Romance
"
Raakasi Loya,Satyam,"Romance
"
Raghu Ramudu,Chakravarthy,"Romance
"
Rajakumar,Ilaiyaraaja,"Romance
"
Raju Rani Jocky,Rajan-Nagendra,"Romance
"
Ramarajyamlo Bheemaraju,Chakravarthy,"Romance
"
Ramudu Kadu Krishnudu,Ilaiyaraaja,"Romance
"
Rangula Kala,B. Narsing Rao,"Romance
"
Rangula Puli,Chakravarthy,"Romance
"
Rendu Jella Sita,Ramesh Naidu,"Romance
"
Roshagadu,Satyam,"Romance
"
Rudrakali,Satyam,"Romance
"
Sagara Sangamam,Ilaiyaraaja,"Romance
"
Sangharshana,Chakravarthy,"Romance
"
Shakthi,Chakravarthy,"Romance
"
Simham Navvindi,Chakravarthy,"Romance
"
Simhamtho Chelagatam,Ilaiyaraaja,"Romance
"
Simhapuri Simham,J. V. Raghavulu,"Romance
"
Siripuram Monagadu,Raj-Koti,"Romance
"
Sivudu Sivudu Sivudu,Chakravarthy,"Romance
"
Sri Ranga Neethulu,Satyam,"Romance
"
Subha Muhurtham,Ilaiyaraaja,"Romance
"
Swarajyam,Chakravarthy,"Romance
"
Thodu Needa,Ilaiyaraaja,"Romance
"
Triveni Sangamam,J. V. Raghavulu,"Romance
"
Vetagadi Vijayam,K. V. Mahadevan,"Romance
"
Vimukthi Kosam,B. Gopalam,"Romance
"
Aadadhi Visirina Savaal,Chakravarthy,"Romance
"
Abhimanyudu,K. V. Mahadevan,"Romance
"
Adarshavanthudu,Ilaiyaraaja,"Romance
"
Agni Gundam,Chakravarthy,"Romance
"
Allullostunnaru,Ilaiyaraaja,"Romance
"
Ananda Bhairavi,Ramesh Naidu,"Romance
"
Anubandham,Chakravarthy,"Romance
"
Bava Maradallu,Chakravarthy,"Romance
"
Bhagyalakshmi,"M. S. Viswanathan
","Romance
"
Bobbili Brahmanna,Ilaiyaraaja,"Romance
"
Challenge,Ilaiyaraaja,"Romance
"
Devalayam,Chakravarthy,"Romance
"
Devanthakudu,Chakravarthy,"Romance
"
Disco King,Ilaiyaraaja,"Romance
"
Dongalu Baboi Dongalu,Ilaiyaraaja,"Romance
"
Goonda,Chakravarthy,"Romance
"
Gruhalakshmi,Satyam,"Romance
"
Hero,Chakravarthy,"Romance
"
Illalu Priyuralu,Ilaiyaraaja,"Romance
"
Inti Guttu,Chakravarthy,"Romance
"
Jagan,Ilaiyaraaja,"Romance
"
Janam Manam,Chakravarthy,"Romance
"
Janani Janmabhoomi,K. V. Mahadevan,"Romance
"
Justice Chakravarthy,Ilaiyaraaja,"Romance
"
Kanchana Ganga,Chakravarthy,"Romance
"
Kanchu Kagada,Chakravarthy,Action
Kathanayakudu,Chakravarthy,"Romance
"
Koteeswarudu,Ilaiyaraaja,"Romance
"
Kotha Dampathulu,Ilaiyaraaja,"Romance
"
Kurra Cheshtalu,Ilaiyaraaja,"Romance
"
Kurukshetramlo Sita,Ramesh Naidu,"Romance
"
Kutumba Gowaravam,Ilaiyaraaja,"Romance
"
Mahanagaramlo Mayagadu,Chakravarthy,"Romance
"
Manasa Veena,"M. S. Viswanathan
","Romance
"
Mangammagari Manavadu,K. V. Mahadevan,"Romance
"
Mayuri,S. P. Balasubrahmanyam,"Romance
"
Merupu Daadi,Ilaiyaraaja,"Romance
"
Naagu,Ilaiyaraaja,"Romance
"
Nava Mohini,Parthasarathy,"Romance
"
Nayakulaku Saval,Ilaiyaraaja,Action
Palnati Puli,Ilaiyaraaja,"Romance
"
Rachayitri,Ilaiyaraaja,"Romance
"
Raga Bandham,Ilaiyaraaja,"Romance
"
Railu Dopidi,Rajan-Nagendra,"Romance
"
Rajahmundry Rome,Ilaiyaraaja,Crime Story
Raktha Sambandham,Chakravarthy,"Romance
"
Rana,Chakravarthy,"Romance
"
Raraju,Ilaiyaraaja,"Romance
"
Rojulu Marayi,"Sivakrishna
","Romance
"
Rowdy,Chakravarthy,"Romance
"
Rustum,Chakravarthy,"Romance
"
S. P. Bhayankar,Ilaiyaraaja,"Romance
"
Sahasame Jeevitham,Ilaiyaraaja,"Romance
"
Sampoorna Premayanam,Ilaiyaraaja,"Romance
"
Sangeeta Samrat,Ilaiyaraaja,"Romance
"
Seethamma Pelli,S. P. Balasubrahmanyam,"Romance
"
Sitaara,Ilaiyaraaja,Drama
Srimadvirat Veerabrahmendra Swami Charitra,Ramesh Naidu,"Romance
"
Srivariki Premalekha,Ramesh Naidu,"Romance
"
Swathi,Ilaiyaraaja,"Romance
"
Tandava Krishnudu,Ilaiyaraaja,"Romance
"
Vasantha Geetam,Ilaiyaraaja,"Romance
"
Veerabhadrudu,Ilaiyaraaja,"Romance
"
Yuddham,Chakravarthy,"Romance
"
Aadi Dampatulu,Ilaiyaraaja,"Romance
"
Aalapana,Ilaiyaraaja,"Romance
"
Anasuyamma Gari Alludu,Ilaiyaraaja,"Romance
"
Apoorva Sahodarulu,Chakravarthy,"Romance
"
Aranyakanda,Ilaiyaraaja,"Romance
"
Brahma Rudrulu,Ilaiyaraaja,"Romance
"
Brahmastram,Ilaiyaraaja,"Romance
"
Captain Nagarjun,Ramesh Naidu,"Romance
"
Chadastapu Mogudu,Chakravarthy,"Romance
"
Chanakya Shapadham,Chakravarthy,"Romance
"
Chantabbai,Chakravarthy,"Romance
"
Deshoddharakudu,Chakravarthy,"Romance
"
Dhairyavanthudu,Ilaiyaraaja,"Romance
"
Driver Babu,Ilaiyaraaja,"Romance
"
Ide Naa Samadhanam,Chakravarthy,"Romance
"
Jailu Pakshi,Ilaiyaraaja,"Romance
"
Jayam Manade,Vandemataram Srinivas,"Romance
"
Jeevana Poratam,Chakravarthy,"Romance
"
Kaliyuga Krishnudu,Ilaiyaraaja,"Romance
"
Kaliyuga Pandavulu,Chakravarthy,"Romance
"
Karu Diddina Kapuram,Ilaiyaraaja,"Romance
"
Kashmora,Chakravarthy,"Romance
"
Khaidi Rudraiah,Chakravarthy,"Romance
"
Kirathakudu,Ilaiyaraaja,"Romance
"
Kondaveeti Raja,Chakravarthy,"Romance
"
Krishna Garadi,Ilaiyaraaja,"Romance
"
Ladies Tailor,Ilaiyaraaja,"Romance
"
Magadheerudu,Chakravarthy,"Romance
"
Mannemlo Monagadu,K. V. Mahadevan,"Romance
"
Muddula Krishnaiah,Ilaiyaraaja,"Romance
"
Naanum Oru Thozhilali,Ilaiyaraaja,"Romance
"
Nippulanti Manishi,Chakravarthy,"Romance
"
Padaharella Ammayi,Ilaiyaraaja,"Romance
"
Padamati Sandhya Ragam,S. P. Balasubrahmanyam,"Romance
"
Papikondalu,Chakravarthy,"Romance
"
Pavitra,Ilaiyaraaja,"Romance
"
Prathibhavanthudu,Ilaiyaraaja,"Romance
"
Prathigatana,Chakravarthy,"Romance
"
Punyasthree,Ilaiyaraaja,"Romance
"
Rakshasudu,Ilaiyaraaja,"Romance
"
Ravana Brahma,Ilaiyaraaja,"Romance
"
Rendu Rellu Aaru,Rajan-Nagendra,"Romance
"
Repati Pourulu,Chakravarthy,"Romance
"
Sakkanodu,K. V. Mahadevan,"Romance
"
Santhi Nivasam,Ilaiyaraaja,"Romance
"
Seetharama Kalyanam,K. V. Mahadevan,"Romance
"
Simhasanam,Bappi Lahiri,"Romance
"
Sirivennela,K. V. Mahadevan,"Romance
"
Srimathi Oka Bahumathi,Sankar Ganesh,"Romance
"
Srinivasa Kalyanam,K. V. Mahadevan,"Romance
"
Swathi Muthyam,Ilaiyaraaja,"Romance
"
Sri Shirdi Saibaba Mahathyam,Ilaiyaraaja,"Romance
"
Tandra Paparayudu,Ilaiyaraaja,"Romance
"
Ugra Narasimham,Ilaiyaraaja,"Romance
"
Veta,Chakravarthy,"Romance
"
Vikram,Chakravarthy,"Romance
"
Agni,Ilaiyaraaja,"Romance
"
Ajatha Satruvu,Ilaiyaraaja,"Romance
"
Anna Chellalu,Chakravarthy,"Romance
"
Ashoka Chakravarthy,Ilaiyaraaja,"Romance
"
Attaku Yamudu Ammayiki Mogudu,Chakravarthy,"Romance
"
Adavilo Abhimanyudu,K. V. Mahadevan,"Romance
"
Bala Gopaludu,Raj-Koti,"Romance
"
Bandhuvulostunnaru Jagratha,Ilaiyaraaja,"Romance
"
Bava Bava Panneeru,Chakravarthy,"Romance
"
Bhale Dampathulu,Ilaiyaraaja,"Romance
"
Bhale Donga,Chakravarthy,"Romance
"
Bharata Nari,Chakravarthy,"Romance
"
Bharyalu Jagratha,Ilaiyaraaja,"Romance
"
Chalaki Mogudu Chadastapu Pellam,Ilaiyaraaja,"Romance
"
Chettu Kinda Pleader,Ilaiyaraaja,"Romance
"
Dharma Teja,Ilaiyaraaja,"Romance
"
Dhruva Nakshatram,Ilaiyaraaja,"Romance
"
Gaduggai,Chakravarthy,"Romance
"
Geetanjali,Ilaiyaraaja,"Romance
"
Goonda Rajyam,Ilaiyaraaja,"Romance
"
Gopala Rao Gari Abbayi,Ilaiyaraaja,"Romance
"
Gudachari 117,Ilaiyaraaja,"Romance
"
Hai Hai Nayaka,Suresh,"Romance
"
Indrudu Chandrudu,Ilaiyaraaja,"Romance
"
Jayammu Nischayammu Raa,Ilaiyaraaja,"Romance
"
Joo Laka Taka ,Raj-Koti,"Romance
"
Koduku Diddina Kapuram,Raj-Koti,"Romance
"
Kokila,Ilaiyaraaja,"Romance
"
Lankeswarudu,Raj-Koti,"Romance
"
Mamatala Kovela,K. V. Mahadevan,"Romance
"
Manchu Kutumbam,Ilaiyaraaja,"Romance
"
Mouna Poratam,Ilaiyaraaja,"Romance
"
Muddula Mavayya,Ilaiyaraaja,"Romance
"
Muthyamantha Muddu,Hamsalekha,"Romance
"
Naga Pournami,Sankar Ganesh,"Romance
"
Nyayam Meere Cheppali,Chakravarthy,"Romance
"
Ontari Poratam,Chakravarthy,"Romance
"
Paila Pacheesu,Ilaiyaraaja,"Romance
"
Poola Rangadu,Ilaiyaraaja,"Romance
"
Prema,Ilaiyaraaja,"Romance
"
Preminchi Choodu,Ilaiyaraaja,"Romance
"
Rajakeeya Chadarangam,Ilaiyaraaja,"Romance
"
Rudranetra,Ilaiyaraaja,"Romance
"
Sahasame Naa Oopiri,Ilaiyaraaja,"Romance
"
Sakshi,Ilaiyaraaja,"Romance
"
Samsaram Oka Sangeetham,Chakravarthy,"Romance
"
Sarvabhoumudu,Ilaiyaraaja,"Romance
"
Simha Swapnam,Ilaiyaraaja,"Romance
"
Siva,Ilaiyaraaja,"Romance
"
Srirama Chandrudu,Satyam,"Romance
"
State Rowdy,Bappi Lahiri,"Romance
"
Sutradharulu,Ilaiyaraaja,"Romance
"
Swathi Chinukulu,Ilaiyaraaja,"Romance
"
Two Town Rowdy,Ilaiyaraaja,"Romance
"
Vichitra Sodarulu,Ilaiyaraaja,"Romance
"
Vicky Daada,Ilaiyaraaja,"Romance
"
Vijay,Chakravarthy,"Romance
"
Yamapaasam,K. V. Mahadevan,"Romance
"